-- phpMyAdmin SQL Dump
-- version 4.9.11
-- https://www.phpmyadmin.net/
--
-- Host: localhost:3306
-- Generation Time: Mar 04, 2023 at 10:30 PM
-- Server version: 8.0.32-cll-lve
-- PHP Version: 7.4.33

SET SQL_MODE = "NO_AUTO_VALUE_ON_ZERO";
SET AUTOCOMMIT = 0;
START TRANSACTION;
SET time_zone = "+00:00";


/*!40101 SET @OLD_CHARACTER_SET_CLIENT=@@CHARACTER_SET_CLIENT */;
/*!40101 SET @OLD_CHARACTER_SET_RESULTS=@@CHARACTER_SET_RESULTS */;
/*!40101 SET @OLD_COLLATION_CONNECTION=@@COLLATION_CONNECTION */;
/*!40101 SET NAMES utf8mb4 */;

--
-- Database: `goldenfa_db`
--

-- --------------------------------------------------------

--
-- Table structure for table `admin`
--

CREATE TABLE `admin` (
  `id` bigint UNSIGNED NOT NULL,
  `name` varchar(255) CHARACTER SET utf8mb4 COLLATE utf8mb4_unicode_ci NOT NULL,
  `email` varchar(255) CHARACTER SET utf8mb4 COLLATE utf8mb4_unicode_ci NOT NULL,
  `email_verified_at` timestamp NULL DEFAULT NULL,
  `password` varchar(255) CHARACTER SET utf8mb4 COLLATE utf8mb4_unicode_ci NOT NULL,
  `no_hp` varchar(100) COLLATE utf8mb4_unicode_ci DEFAULT NULL,
  `jenis_kelamin` varchar(255) CHARACTER SET utf8mb4 COLLATE utf8mb4_unicode_ci DEFAULT NULL,
  `level` varchar(255) CHARACTER SET utf8mb4 COLLATE utf8mb4_unicode_ci DEFAULT NULL,
  `alamat` varchar(255) CHARACTER SET utf8mb4 COLLATE utf8mb4_unicode_ci DEFAULT NULL,
  `remember_token` varchar(100) CHARACTER SET utf8mb4 COLLATE utf8mb4_unicode_ci DEFAULT NULL,
  `created_at` timestamp NULL DEFAULT NULL,
  `updated_at` timestamp NULL DEFAULT NULL
) ENGINE=InnoDB DEFAULT CHARSET=utf8mb4 COLLATE=utf8mb4_unicode_ci;

--
-- Dumping data for table `admin`
--

INSERT INTO `admin` (`id`, `name`, `email`, `email_verified_at`, `password`, `no_hp`, `jenis_kelamin`, `level`, `alamat`, `remember_token`, `created_at`, `updated_at`) VALUES
(1, 'Admin', 'gfacestore@gmail.com', NULL, '$2y$10$X6CEYMnOzAIoAspypL2K9e6DpU0gs9Qaf6ou8oT/8fy09ZvRlKuBC', '081335884919', 'Pria', 'admin', 'Gg. Megatruh, Karang Wuni, Caturtunggal, Kec. Depok, ', 'f6mk6tfrDtEmUnHcxmCOp7nn9h6tEl39ZDoWNI5FQF2Dp5XxbSbEpwEtsYLz', '2021-07-05 09:19:19', '2023-02-28 16:57:53');

-- --------------------------------------------------------

--
-- Table structure for table `kategori`
--

CREATE TABLE `kategori` (
  `id` bigint UNSIGNED NOT NULL,
  `nama_kategori` varchar(255) CHARACTER SET utf8mb4 COLLATE utf8mb4_unicode_ci NOT NULL,
  `keterangan` text CHARACTER SET utf8mb4 COLLATE utf8mb4_unicode_ci NOT NULL,
  `slug_kategori` varchar(255) CHARACTER SET utf8mb4 COLLATE utf8mb4_unicode_ci NOT NULL,
  `created_at` timestamp NULL DEFAULT NULL,
  `updated_at` timestamp NULL DEFAULT NULL
) ENGINE=InnoDB DEFAULT CHARSET=utf8mb4 COLLATE=utf8mb4_unicode_ci;

--
-- Dumping data for table `kategori`
--

INSERT INTO `kategori` (`id`, `nama_kategori`, `keterangan`, `slug_kategori`, `created_at`, `updated_at`) VALUES
(1, 'Branded', 'Sepatu dengan beberapa Merek yang ternama', 'sepatu-branded', '2023-03-01 01:51:14', '2023-03-01 02:12:33'),
(2, 'Sport', 'Sepatu untuk menunjang kegiatan olahraga', 'sport', '2023-03-01 02:12:23', '2023-03-01 02:12:23'),
(3, 'Sneakers', 'kategori sepatu populer', 'sneakers', '2023-03-01 02:14:07', '2023-03-01 02:14:07');

-- --------------------------------------------------------

--
-- Table structure for table `kota`
--

CREATE TABLE `kota` (
  `id` bigint UNSIGNED NOT NULL,
  `provinsi_id` int UNSIGNED NOT NULL,
  `kota_id` int UNSIGNED NOT NULL,
  `nama_kota` varchar(255) CHARACTER SET utf8mb4 COLLATE utf8mb4_unicode_ci NOT NULL,
  `created_at` timestamp NULL DEFAULT NULL,
  `updated_at` timestamp NULL DEFAULT NULL
) ENGINE=InnoDB DEFAULT CHARSET=utf8mb4 COLLATE=utf8mb4_unicode_ci;

--
-- Dumping data for table `kota`
--

INSERT INTO `kota` (`id`, `provinsi_id`, `kota_id`, `nama_kota`, `created_at`, `updated_at`) VALUES
(1, 1, 17, 'Badung', '2021-07-05 00:57:24', '2021-07-05 00:57:24'),
(2, 1, 32, 'Bangli', '2021-07-05 00:57:24', '2021-07-05 00:57:24'),
(3, 1, 94, 'Buleleng', '2021-07-05 00:57:24', '2021-07-05 00:57:24'),
(4, 1, 114, 'Denpasar', '2021-07-05 00:57:24', '2021-07-05 00:57:24'),
(5, 1, 128, 'Gianyar', '2021-07-05 00:57:24', '2021-07-05 00:57:24'),
(6, 1, 161, 'Jembrana', '2021-07-05 00:57:24', '2021-07-05 00:57:24'),
(7, 1, 170, 'Karangasem', '2021-07-05 00:57:24', '2021-07-05 00:57:24'),
(8, 1, 197, 'Klungkung', '2021-07-05 00:57:24', '2021-07-05 00:57:24'),
(9, 1, 447, 'Tabanan', '2021-07-05 00:57:25', '2021-07-05 00:57:25'),
(10, 2, 27, 'Bangka', '2021-07-05 00:57:26', '2021-07-05 00:57:26'),
(11, 2, 28, 'Bangka Barat', '2021-07-05 00:57:26', '2021-07-05 00:57:26'),
(12, 2, 29, 'Bangka Selatan', '2021-07-05 00:57:27', '2021-07-05 00:57:27'),
(13, 2, 30, 'Bangka Tengah', '2021-07-05 00:57:27', '2021-07-05 00:57:27'),
(14, 2, 56, 'Belitung', '2021-07-05 00:57:27', '2021-07-05 00:57:27'),
(15, 2, 57, 'Belitung Timur', '2021-07-05 00:57:28', '2021-07-05 00:57:28'),
(16, 2, 334, 'Pangkal Pinang', '2021-07-05 00:57:28', '2021-07-05 00:57:28'),
(17, 3, 106, 'Cilegon', '2021-07-05 00:57:29', '2021-07-05 00:57:29'),
(18, 3, 232, 'Lebak', '2021-07-05 00:57:29', '2021-07-05 00:57:29'),
(19, 3, 331, 'Pandeglang', '2021-07-05 00:57:29', '2021-07-05 00:57:29'),
(20, 3, 402, 'Serang', '2021-07-05 00:57:29', '2021-07-05 00:57:29'),
(21, 3, 403, 'Serang', '2021-07-05 00:57:29', '2021-07-05 00:57:29'),
(22, 3, 455, 'Tangerang', '2021-07-05 00:57:29', '2021-07-05 00:57:29'),
(23, 3, 456, 'Tangerang', '2021-07-05 00:57:29', '2021-07-05 00:57:29'),
(24, 3, 457, 'Tangerang Selatan', '2021-07-05 00:57:30', '2021-07-05 00:57:30'),
(25, 4, 62, 'Bengkulu', '2021-07-05 00:57:31', '2021-07-05 00:57:31'),
(26, 4, 63, 'Bengkulu Selatan', '2021-07-05 00:57:32', '2021-07-05 00:57:32'),
(27, 4, 64, 'Bengkulu Tengah', '2021-07-05 00:57:32', '2021-07-05 00:57:32'),
(28, 4, 65, 'Bengkulu Utara', '2021-07-05 00:57:33', '2021-07-05 00:57:33'),
(29, 4, 175, 'Kaur', '2021-07-05 00:57:33', '2021-07-05 00:57:33'),
(30, 4, 183, 'Kepahiang', '2021-07-05 00:57:33', '2021-07-05 00:57:33'),
(31, 4, 233, 'Lebong', '2021-07-05 00:57:33', '2021-07-05 00:57:33'),
(32, 4, 294, 'Muko Muko', '2021-07-05 00:57:33', '2021-07-05 00:57:33'),
(33, 4, 379, 'Rejang Lebong', '2021-07-05 00:57:34', '2021-07-05 00:57:34'),
(34, 4, 397, 'Seluma', '2021-07-05 00:57:34', '2021-07-05 00:57:34'),
(35, 5, 39, 'Bantul', '2021-07-05 00:57:35', '2021-07-05 00:57:35'),
(36, 5, 135, 'Gunung Kidul', '2021-07-05 00:57:36', '2021-07-05 00:57:36'),
(37, 5, 210, 'Kulon Progo', '2021-07-05 00:57:36', '2021-07-05 00:57:36'),
(38, 5, 419, 'Sleman', '2021-07-05 00:57:36', '2021-07-05 00:57:36'),
(39, 5, 501, 'Yogyakarta', '2021-07-05 00:57:37', '2021-07-05 00:57:37'),
(40, 6, 151, 'Jakarta Barat', '2021-07-05 00:57:38', '2021-07-05 00:57:38'),
(41, 6, 152, 'Jakarta Pusat', '2021-07-05 00:57:38', '2021-07-05 00:57:38'),
(42, 6, 153, 'Jakarta Selatan', '2021-07-05 00:57:38', '2021-07-05 00:57:38'),
(43, 6, 154, 'Jakarta Timur', '2021-07-05 00:57:38', '2021-07-05 00:57:38'),
(44, 6, 155, 'Jakarta Utara', '2021-07-05 00:57:38', '2021-07-05 00:57:38'),
(45, 6, 189, 'Kepulauan Seribu', '2021-07-05 00:57:39', '2021-07-05 00:57:39'),
(46, 7, 77, 'Boalemo', '2021-07-05 00:57:40', '2021-07-05 00:57:40'),
(47, 7, 88, 'Bone Bolango', '2021-07-05 00:57:40', '2021-07-05 00:57:40'),
(48, 7, 129, 'Gorontalo', '2021-07-05 00:57:40', '2021-07-05 00:57:40'),
(49, 7, 130, 'Gorontalo', '2021-07-05 00:57:40', '2021-07-05 00:57:40'),
(50, 7, 131, 'Gorontalo Utara', '2021-07-05 00:57:40', '2021-07-05 00:57:40'),
(51, 7, 361, 'Pohuwato', '2021-07-05 00:57:40', '2021-07-05 00:57:40'),
(52, 8, 50, 'Batang Hari', '2021-07-05 00:57:42', '2021-07-05 00:57:42'),
(53, 8, 97, 'Bungo', '2021-07-05 00:57:42', '2021-07-05 00:57:42'),
(54, 8, 156, 'Jambi', '2021-07-05 00:57:42', '2021-07-05 00:57:42'),
(55, 8, 194, 'Kerinci', '2021-07-05 00:57:42', '2021-07-05 00:57:42'),
(56, 8, 280, 'Merangin', '2021-07-05 00:57:42', '2021-07-05 00:57:42'),
(57, 8, 293, 'Muaro Jambi', '2021-07-05 00:57:42', '2021-07-05 00:57:42'),
(58, 8, 393, 'Sarolangun', '2021-07-05 00:57:43', '2021-07-05 00:57:43'),
(59, 8, 442, 'Sungaipenuh', '2021-07-05 00:57:43', '2021-07-05 00:57:43'),
(60, 8, 460, 'Tanjung Jabung Barat', '2021-07-05 00:57:43', '2021-07-05 00:57:43'),
(61, 8, 461, 'Tanjung Jabung Timur', '2021-07-05 00:57:43', '2021-07-05 00:57:43'),
(62, 8, 471, 'Tebo', '2021-07-05 00:57:43', '2021-07-05 00:57:43'),
(63, 9, 22, 'Bandung', '2021-07-05 00:57:45', '2021-07-05 00:57:45'),
(64, 9, 23, 'Bandung', '2021-07-05 00:57:45', '2021-07-05 00:57:45'),
(65, 9, 24, 'Bandung Barat', '2021-07-05 00:57:45', '2021-07-05 00:57:45'),
(66, 9, 34, 'Banjar', '2021-07-05 00:57:45', '2021-07-05 00:57:45'),
(67, 9, 54, 'Bekasi', '2021-07-05 00:57:45', '2021-07-05 00:57:45'),
(68, 9, 55, 'Bekasi', '2021-07-05 00:57:45', '2021-07-05 00:57:45'),
(69, 9, 78, 'Bogor', '2021-07-05 00:57:45', '2021-07-05 00:57:45'),
(70, 9, 79, 'Bogor', '2021-07-05 00:57:45', '2021-07-05 00:57:45'),
(71, 9, 103, 'Ciamis', '2021-07-05 00:57:45', '2021-07-05 00:57:45'),
(72, 9, 104, 'Cianjur', '2021-07-05 00:57:46', '2021-07-05 00:57:46'),
(73, 9, 107, 'Cimahi', '2021-07-05 00:57:46', '2021-07-05 00:57:46'),
(74, 9, 108, 'Cirebon', '2021-07-05 00:57:46', '2021-07-05 00:57:46'),
(75, 9, 109, 'Cirebon', '2021-07-05 00:57:46', '2021-07-05 00:57:46'),
(76, 9, 115, 'Depok', '2021-07-05 00:57:46', '2021-07-05 00:57:46'),
(77, 9, 126, 'Garut', '2021-07-05 00:57:46', '2021-07-05 00:57:46'),
(78, 9, 149, 'Indramayu', '2021-07-05 00:57:46', '2021-07-05 00:57:46'),
(79, 9, 171, 'Karawang', '2021-07-05 00:57:46', '2021-07-05 00:57:46'),
(80, 9, 211, 'Kuningan', '2021-07-05 00:57:46', '2021-07-05 00:57:46'),
(81, 9, 252, 'Majalengka', '2021-07-05 00:57:46', '2021-07-05 00:57:46'),
(82, 9, 332, 'Pangandaran', '2021-07-05 00:57:46', '2021-07-05 00:57:46'),
(83, 9, 376, 'Purwakarta', '2021-07-05 00:57:46', '2021-07-05 00:57:46'),
(84, 9, 428, 'Subang', '2021-07-05 00:57:47', '2021-07-05 00:57:47'),
(85, 9, 430, 'Sukabumi', '2021-07-05 00:57:47', '2021-07-05 00:57:47'),
(86, 9, 431, 'Sukabumi', '2021-07-05 00:57:47', '2021-07-05 00:57:47'),
(87, 9, 440, 'Sumedang', '2021-07-05 00:57:47', '2021-07-05 00:57:47'),
(88, 9, 468, 'Tasikmalaya', '2021-07-05 00:57:47', '2021-07-05 00:57:47'),
(89, 9, 469, 'Tasikmalaya', '2021-07-05 00:57:47', '2021-07-05 00:57:47'),
(90, 10, 37, 'Banjarnegara', '2021-07-05 00:57:49', '2021-07-05 00:57:49'),
(91, 10, 41, 'Banyumas', '2021-07-05 00:57:49', '2021-07-05 00:57:49'),
(92, 10, 49, 'Batang', '2021-07-05 00:57:49', '2021-07-05 00:57:49'),
(93, 10, 76, 'Blora', '2021-07-05 00:57:49', '2021-07-05 00:57:49'),
(94, 10, 91, 'Boyolali', '2021-07-05 00:57:49', '2021-07-05 00:57:49'),
(95, 10, 92, 'Brebes', '2021-07-05 00:57:49', '2021-07-05 00:57:49'),
(96, 10, 105, 'Cilacap', '2021-07-05 00:57:49', '2021-07-05 00:57:49'),
(97, 10, 113, 'Demak', '2021-07-05 00:57:49', '2021-07-05 00:57:49'),
(98, 10, 134, 'Grobogan', '2021-07-05 00:57:49', '2021-07-05 00:57:49'),
(99, 10, 163, 'Jepara', '2021-07-05 00:57:49', '2021-07-05 00:57:49'),
(100, 10, 169, 'Karanganyar', '2021-07-05 00:57:49', '2021-07-05 00:57:49'),
(101, 10, 177, 'Kebumen', '2021-07-05 00:57:50', '2021-07-05 00:57:50'),
(102, 10, 181, 'Kendal', '2021-07-05 00:57:50', '2021-07-05 00:57:50'),
(103, 10, 196, 'Klaten', '2021-07-05 00:57:50', '2021-07-05 00:57:50'),
(104, 10, 209, 'Kudus', '2021-07-05 00:57:50', '2021-07-05 00:57:50'),
(105, 10, 249, 'Magelang', '2021-07-05 00:57:51', '2021-07-05 00:57:51'),
(106, 10, 250, 'Magelang', '2021-07-05 00:57:51', '2021-07-05 00:57:51'),
(107, 10, 344, 'Pati', '2021-07-05 00:57:52', '2021-07-05 00:57:52'),
(108, 10, 348, 'Pekalongan', '2021-07-05 00:57:52', '2021-07-05 00:57:52'),
(109, 10, 349, 'Pekalongan', '2021-07-05 00:57:52', '2021-07-05 00:57:52'),
(110, 10, 352, 'Pemalang', '2021-07-05 00:57:53', '2021-07-05 00:57:53'),
(111, 10, 375, 'Purbalingga', '2021-07-05 00:57:53', '2021-07-05 00:57:53'),
(112, 10, 377, 'Purworejo', '2021-07-05 00:57:53', '2021-07-05 00:57:53'),
(113, 10, 380, 'Rembang', '2021-07-05 00:57:53', '2021-07-05 00:57:53'),
(114, 10, 386, 'Salatiga', '2021-07-05 00:57:54', '2021-07-05 00:57:54'),
(115, 10, 398, 'Semarang', '2021-07-05 00:57:54', '2021-07-05 00:57:54'),
(116, 10, 399, 'Semarang', '2021-07-05 00:57:55', '2021-07-05 00:57:55'),
(117, 10, 427, 'Sragen', '2021-07-05 00:57:55', '2021-07-05 00:57:55'),
(118, 10, 433, 'Sukoharjo', '2021-07-05 00:57:56', '2021-07-05 00:57:56'),
(119, 10, 445, 'Surakarta (Solo)', '2021-07-05 00:57:56', '2021-07-05 00:57:56'),
(120, 10, 472, 'Tegal', '2021-07-05 00:57:57', '2021-07-05 00:57:57'),
(121, 10, 473, 'Tegal', '2021-07-05 00:57:57', '2021-07-05 00:57:57'),
(122, 10, 476, 'Temanggung', '2021-07-05 00:57:57', '2021-07-05 00:57:57'),
(123, 10, 497, 'Wonogiri', '2021-07-05 00:57:57', '2021-07-05 00:57:57'),
(124, 10, 498, 'Wonosobo', '2021-07-05 00:57:58', '2021-07-05 00:57:58'),
(125, 11, 31, 'Bangkalan', '2021-07-05 00:57:59', '2021-07-05 00:57:59'),
(126, 11, 42, 'Banyuwangi', '2021-07-05 00:58:00', '2021-07-05 00:58:00'),
(127, 11, 51, 'Batu', '2021-07-05 00:58:00', '2021-07-05 00:58:00'),
(128, 11, 74, 'Blitar', '2021-07-05 00:58:00', '2021-07-05 00:58:00'),
(129, 11, 75, 'Blitar', '2021-07-05 00:58:01', '2021-07-05 00:58:01'),
(130, 11, 80, 'Bojonegoro', '2021-07-05 00:58:01', '2021-07-05 00:58:01'),
(131, 11, 86, 'Bondowoso', '2021-07-05 00:58:01', '2021-07-05 00:58:01'),
(132, 11, 133, 'Gresik', '2021-07-05 00:58:01', '2021-07-05 00:58:01'),
(133, 11, 160, 'Jember', '2021-07-05 00:58:01', '2021-07-05 00:58:01'),
(134, 11, 164, 'Jombang', '2021-07-05 00:58:02', '2021-07-05 00:58:02'),
(135, 11, 178, 'Kediri', '2021-07-05 00:58:02', '2021-07-05 00:58:02'),
(136, 11, 179, 'Kediri', '2021-07-05 00:58:02', '2021-07-05 00:58:02'),
(137, 11, 222, 'Lamongan', '2021-07-05 00:58:03', '2021-07-05 00:58:03'),
(138, 11, 243, 'Lumajang', '2021-07-05 00:58:03', '2021-07-05 00:58:03'),
(139, 11, 247, 'Madiun', '2021-07-05 00:58:03', '2021-07-05 00:58:03'),
(140, 11, 248, 'Madiun', '2021-07-05 00:58:03', '2021-07-05 00:58:03'),
(141, 11, 251, 'Magetan', '2021-07-05 00:58:03', '2021-07-05 00:58:03'),
(142, 11, 255, 'Malang', '2021-07-05 00:58:03', '2021-07-05 00:58:03'),
(143, 11, 256, 'Malang', '2021-07-05 00:58:03', '2021-07-05 00:58:03'),
(144, 11, 289, 'Mojokerto', '2021-07-05 00:58:03', '2021-07-05 00:58:03'),
(145, 11, 290, 'Mojokerto', '2021-07-05 00:58:03', '2021-07-05 00:58:03'),
(146, 11, 305, 'Nganjuk', '2021-07-05 00:58:03', '2021-07-05 00:58:03'),
(147, 11, 306, 'Ngawi', '2021-07-05 00:58:03', '2021-07-05 00:58:03'),
(148, 11, 317, 'Pacitan', '2021-07-05 00:58:03', '2021-07-05 00:58:03'),
(149, 11, 330, 'Pamekasan', '2021-07-05 00:58:04', '2021-07-05 00:58:04'),
(150, 11, 342, 'Pasuruan', '2021-07-05 00:58:04', '2021-07-05 00:58:04'),
(151, 11, 343, 'Pasuruan', '2021-07-05 00:58:04', '2021-07-05 00:58:04'),
(152, 11, 363, 'Ponorogo', '2021-07-05 00:58:04', '2021-07-05 00:58:04'),
(153, 11, 369, 'Probolinggo', '2021-07-05 00:58:04', '2021-07-05 00:58:04'),
(154, 11, 370, 'Probolinggo', '2021-07-05 00:58:04', '2021-07-05 00:58:04'),
(155, 11, 390, 'Sampang', '2021-07-05 00:58:04', '2021-07-05 00:58:04'),
(156, 11, 409, 'Sidoarjo', '2021-07-05 00:58:04', '2021-07-05 00:58:04'),
(157, 11, 418, 'Situbondo', '2021-07-05 00:58:04', '2021-07-05 00:58:04'),
(158, 11, 441, 'Sumenep', '2021-07-05 00:58:04', '2021-07-05 00:58:04'),
(159, 11, 444, 'Surabaya', '2021-07-05 00:58:04', '2021-07-05 00:58:04'),
(160, 11, 487, 'Trenggalek', '2021-07-05 00:58:04', '2021-07-05 00:58:04'),
(161, 11, 489, 'Tuban', '2021-07-05 00:58:04', '2021-07-05 00:58:04'),
(162, 11, 492, 'Tulungagung', '2021-07-05 00:58:05', '2021-07-05 00:58:05'),
(163, 12, 61, 'Bengkayang', '2021-07-05 00:58:06', '2021-07-05 00:58:06'),
(164, 12, 168, 'Kapuas Hulu', '2021-07-05 00:58:07', '2021-07-05 00:58:07'),
(165, 12, 176, 'Kayong Utara', '2021-07-05 00:58:07', '2021-07-05 00:58:07'),
(166, 12, 195, 'Ketapang', '2021-07-05 00:58:07', '2021-07-05 00:58:07'),
(167, 12, 208, 'Kubu Raya', '2021-07-05 00:58:07', '2021-07-05 00:58:07'),
(168, 12, 228, 'Landak', '2021-07-05 00:58:07', '2021-07-05 00:58:07'),
(169, 12, 279, 'Melawi', '2021-07-05 00:58:07', '2021-07-05 00:58:07'),
(170, 12, 364, 'Pontianak', '2021-07-05 00:58:07', '2021-07-05 00:58:07'),
(171, 12, 365, 'Pontianak', '2021-07-05 00:58:07', '2021-07-05 00:58:07'),
(172, 12, 388, 'Sambas', '2021-07-05 00:58:07', '2021-07-05 00:58:07'),
(173, 12, 391, 'Sanggau', '2021-07-05 00:58:07', '2021-07-05 00:58:07'),
(174, 12, 395, 'Sekadau', '2021-07-05 00:58:07', '2021-07-05 00:58:07'),
(175, 12, 415, 'Singkawang', '2021-07-05 00:58:07', '2021-07-05 00:58:07'),
(176, 12, 417, 'Sintang', '2021-07-05 00:58:08', '2021-07-05 00:58:08'),
(177, 13, 18, 'Balangan', '2021-07-05 00:58:09', '2021-07-05 00:58:09'),
(178, 13, 33, 'Banjar', '2021-07-05 00:58:09', '2021-07-05 00:58:09'),
(179, 13, 35, 'Banjarbaru', '2021-07-05 00:58:09', '2021-07-05 00:58:09'),
(180, 13, 36, 'Banjarmasin', '2021-07-05 00:58:09', '2021-07-05 00:58:09'),
(181, 13, 43, 'Barito Kuala', '2021-07-05 00:58:10', '2021-07-05 00:58:10'),
(182, 13, 143, 'Hulu Sungai Selatan', '2021-07-05 00:58:10', '2021-07-05 00:58:10'),
(183, 13, 144, 'Hulu Sungai Tengah', '2021-07-05 00:58:10', '2021-07-05 00:58:10'),
(184, 13, 145, 'Hulu Sungai Utara', '2021-07-05 00:58:10', '2021-07-05 00:58:10'),
(185, 13, 203, 'Kotabaru', '2021-07-05 00:58:10', '2021-07-05 00:58:10'),
(186, 13, 446, 'Tabalong', '2021-07-05 00:58:11', '2021-07-05 00:58:11'),
(187, 13, 452, 'Tanah Bumbu', '2021-07-05 00:58:11', '2021-07-05 00:58:11'),
(188, 13, 454, 'Tanah Laut', '2021-07-05 00:58:11', '2021-07-05 00:58:11'),
(189, 13, 466, 'Tapin', '2021-07-05 00:58:11', '2021-07-05 00:58:11'),
(190, 14, 44, 'Barito Selatan', '2021-07-05 00:58:12', '2021-07-05 00:58:12'),
(191, 14, 45, 'Barito Timur', '2021-07-05 00:58:13', '2021-07-05 00:58:13'),
(192, 14, 46, 'Barito Utara', '2021-07-05 00:58:13', '2021-07-05 00:58:13'),
(193, 14, 136, 'Gunung Mas', '2021-07-05 00:58:13', '2021-07-05 00:58:13'),
(194, 14, 167, 'Kapuas', '2021-07-05 00:58:13', '2021-07-05 00:58:13'),
(195, 14, 174, 'Katingan', '2021-07-05 00:58:13', '2021-07-05 00:58:13'),
(196, 14, 205, 'Kotawaringin Barat', '2021-07-05 00:58:13', '2021-07-05 00:58:13'),
(197, 14, 206, 'Kotawaringin Timur', '2021-07-05 00:58:13', '2021-07-05 00:58:13'),
(198, 14, 221, 'Lamandau', '2021-07-05 00:58:13', '2021-07-05 00:58:13'),
(199, 14, 296, 'Murung Raya', '2021-07-05 00:58:13', '2021-07-05 00:58:13'),
(200, 14, 326, 'Palangka Raya', '2021-07-05 00:58:13', '2021-07-05 00:58:13'),
(201, 14, 371, 'Pulang Pisau', '2021-07-05 00:58:13', '2021-07-05 00:58:13'),
(202, 14, 405, 'Seruyan', '2021-07-05 00:58:13', '2021-07-05 00:58:13'),
(203, 14, 432, 'Sukamara', '2021-07-05 00:58:13', '2021-07-05 00:58:13'),
(204, 15, 19, 'Balikpapan', '2021-07-05 00:58:15', '2021-07-05 00:58:15'),
(205, 15, 66, 'Berau', '2021-07-05 00:58:15', '2021-07-05 00:58:15'),
(206, 15, 89, 'Bontang', '2021-07-05 00:58:15', '2021-07-05 00:58:15'),
(207, 15, 214, 'Kutai Barat', '2021-07-05 00:58:15', '2021-07-05 00:58:15'),
(208, 15, 215, 'Kutai Kartanegara', '2021-07-05 00:58:16', '2021-07-05 00:58:16'),
(209, 15, 216, 'Kutai Timur', '2021-07-05 00:58:16', '2021-07-05 00:58:16'),
(210, 15, 341, 'Paser', '2021-07-05 00:58:16', '2021-07-05 00:58:16'),
(211, 15, 354, 'Penajam Paser Utara', '2021-07-05 00:58:16', '2021-07-05 00:58:16'),
(212, 15, 387, 'Samarinda', '2021-07-05 00:58:17', '2021-07-05 00:58:17'),
(213, 16, 96, 'Bulungan (Bulongan)', '2021-07-05 00:58:18', '2021-07-05 00:58:18'),
(214, 16, 257, 'Malinau', '2021-07-05 00:58:19', '2021-07-05 00:58:19'),
(215, 16, 311, 'Nunukan', '2021-07-05 00:58:19', '2021-07-05 00:58:19'),
(216, 16, 450, 'Tana Tidung', '2021-07-05 00:58:19', '2021-07-05 00:58:19'),
(217, 16, 467, 'Tarakan', '2021-07-05 00:58:19', '2021-07-05 00:58:19'),
(218, 17, 48, 'Batam', '2021-07-05 00:58:20', '2021-07-05 00:58:20'),
(219, 17, 71, 'Bintan', '2021-07-05 00:58:21', '2021-07-05 00:58:21'),
(220, 17, 172, 'Karimun', '2021-07-05 00:58:21', '2021-07-05 00:58:21'),
(221, 17, 184, 'Kepulauan Anambas', '2021-07-05 00:58:21', '2021-07-05 00:58:21'),
(222, 17, 237, 'Lingga', '2021-07-05 00:58:21', '2021-07-05 00:58:21'),
(223, 17, 302, 'Natuna', '2021-07-05 00:58:21', '2021-07-05 00:58:21'),
(224, 17, 462, 'Tanjung Pinang', '2021-07-05 00:58:21', '2021-07-05 00:58:21'),
(225, 18, 21, 'Bandar Lampung', '2021-07-05 00:58:23', '2021-07-05 00:58:23'),
(226, 18, 223, 'Lampung Barat', '2021-07-05 00:58:23', '2021-07-05 00:58:23'),
(227, 18, 224, 'Lampung Selatan', '2021-07-05 00:58:23', '2021-07-05 00:58:23'),
(228, 18, 225, 'Lampung Tengah', '2021-07-05 00:58:23', '2021-07-05 00:58:23'),
(229, 18, 226, 'Lampung Timur', '2021-07-05 00:58:23', '2021-07-05 00:58:23'),
(230, 18, 227, 'Lampung Utara', '2021-07-05 00:58:23', '2021-07-05 00:58:23'),
(231, 18, 282, 'Mesuji', '2021-07-05 00:58:23', '2021-07-05 00:58:23'),
(232, 18, 283, 'Metro', '2021-07-05 00:58:23', '2021-07-05 00:58:23'),
(233, 18, 355, 'Pesawaran', '2021-07-05 00:58:23', '2021-07-05 00:58:23'),
(234, 18, 356, 'Pesisir Barat', '2021-07-05 00:58:23', '2021-07-05 00:58:23'),
(235, 18, 368, 'Pringsewu', '2021-07-05 00:58:24', '2021-07-05 00:58:24'),
(236, 18, 458, 'Tanggamus', '2021-07-05 00:58:24', '2021-07-05 00:58:24'),
(237, 18, 490, 'Tulang Bawang', '2021-07-05 00:58:24', '2021-07-05 00:58:24'),
(238, 18, 491, 'Tulang Bawang Barat', '2021-07-05 00:58:24', '2021-07-05 00:58:24'),
(239, 18, 496, 'Way Kanan', '2021-07-05 00:58:24', '2021-07-05 00:58:24'),
(240, 19, 14, 'Ambon', '2021-07-05 00:58:25', '2021-07-05 00:58:25'),
(241, 19, 99, 'Buru', '2021-07-05 00:58:26', '2021-07-05 00:58:26'),
(242, 19, 100, 'Buru Selatan', '2021-07-05 00:58:27', '2021-07-05 00:58:27'),
(243, 19, 185, 'Kepulauan Aru', '2021-07-05 00:58:27', '2021-07-05 00:58:27'),
(244, 19, 258, 'Maluku Barat Daya', '2021-07-05 00:58:27', '2021-07-05 00:58:27'),
(245, 19, 259, 'Maluku Tengah', '2021-07-05 00:58:28', '2021-07-05 00:58:28'),
(246, 19, 260, 'Maluku Tenggara', '2021-07-05 00:58:28', '2021-07-05 00:58:28'),
(247, 19, 261, 'Maluku Tenggara Barat', '2021-07-05 00:58:28', '2021-07-05 00:58:28'),
(248, 19, 400, 'Seram Bagian Barat', '2021-07-05 00:58:28', '2021-07-05 00:58:28'),
(249, 19, 401, 'Seram Bagian Timur', '2021-07-05 00:58:29', '2021-07-05 00:58:29'),
(250, 19, 488, 'Tual', '2021-07-05 00:58:29', '2021-07-05 00:58:29'),
(251, 20, 138, 'Halmahera Barat', '2021-07-05 00:58:31', '2021-07-05 00:58:31'),
(252, 20, 139, 'Halmahera Selatan', '2021-07-05 00:58:32', '2021-07-05 00:58:32'),
(253, 20, 140, 'Halmahera Tengah', '2021-07-05 00:58:32', '2021-07-05 00:58:32'),
(254, 20, 141, 'Halmahera Timur', '2021-07-05 00:58:33', '2021-07-05 00:58:33'),
(255, 20, 142, 'Halmahera Utara', '2021-07-05 00:58:34', '2021-07-05 00:58:34'),
(256, 20, 191, 'Kepulauan Sula', '2021-07-05 00:58:34', '2021-07-05 00:58:34'),
(257, 20, 372, 'Pulau Morotai', '2021-07-05 00:58:34', '2021-07-05 00:58:34'),
(258, 20, 477, 'Ternate', '2021-07-05 00:58:35', '2021-07-05 00:58:35'),
(259, 20, 478, 'Tidore Kepulauan', '2021-07-05 00:58:35', '2021-07-05 00:58:35'),
(260, 21, 1, 'Aceh Barat', '2021-07-05 00:58:37', '2021-07-05 00:58:37'),
(261, 21, 2, 'Aceh Barat Daya', '2021-07-05 00:58:37', '2021-07-05 00:58:37'),
(262, 21, 3, 'Aceh Besar', '2021-07-05 00:58:37', '2021-07-05 00:58:37'),
(263, 21, 4, 'Aceh Jaya', '2021-07-05 00:58:38', '2021-07-05 00:58:38'),
(264, 21, 5, 'Aceh Selatan', '2021-07-05 00:58:38', '2021-07-05 00:58:38'),
(265, 21, 6, 'Aceh Singkil', '2021-07-05 00:58:38', '2021-07-05 00:58:38'),
(266, 21, 7, 'Aceh Tamiang', '2021-07-05 00:58:38', '2021-07-05 00:58:38'),
(267, 21, 8, 'Aceh Tengah', '2021-07-05 00:58:38', '2021-07-05 00:58:38'),
(268, 21, 9, 'Aceh Tenggara', '2021-07-05 00:58:38', '2021-07-05 00:58:38'),
(269, 21, 10, 'Aceh Timur', '2021-07-05 00:58:38', '2021-07-05 00:58:38'),
(270, 21, 11, 'Aceh Utara', '2021-07-05 00:58:38', '2021-07-05 00:58:38'),
(271, 21, 20, 'Banda Aceh', '2021-07-05 00:58:38', '2021-07-05 00:58:38'),
(272, 21, 59, 'Bener Meriah', '2021-07-05 00:58:39', '2021-07-05 00:58:39'),
(273, 21, 72, 'Bireuen', '2021-07-05 00:58:39', '2021-07-05 00:58:39'),
(274, 21, 127, 'Gayo Lues', '2021-07-05 00:58:39', '2021-07-05 00:58:39'),
(275, 21, 230, 'Langsa', '2021-07-05 00:58:39', '2021-07-05 00:58:39'),
(276, 21, 235, 'Lhokseumawe', '2021-07-05 00:58:39', '2021-07-05 00:58:39'),
(277, 21, 300, 'Nagan Raya', '2021-07-05 00:58:39', '2021-07-05 00:58:39'),
(278, 21, 358, 'Pidie', '2021-07-05 00:58:39', '2021-07-05 00:58:39'),
(279, 21, 359, 'Pidie Jaya', '2021-07-05 00:58:39', '2021-07-05 00:58:39'),
(280, 21, 384, 'Sabang', '2021-07-05 00:58:40', '2021-07-05 00:58:40'),
(281, 21, 414, 'Simeulue', '2021-07-05 00:58:40', '2021-07-05 00:58:40'),
(282, 21, 429, 'Subulussalam', '2021-07-05 00:58:40', '2021-07-05 00:58:40'),
(283, 22, 68, 'Bima', '2021-07-05 00:58:41', '2021-07-05 00:58:41'),
(284, 22, 69, 'Bima', '2021-07-05 00:58:41', '2021-07-05 00:58:41'),
(285, 22, 118, 'Dompu', '2021-07-05 00:58:41', '2021-07-05 00:58:41'),
(286, 22, 238, 'Lombok Barat', '2021-07-05 00:58:41', '2021-07-05 00:58:41'),
(287, 22, 239, 'Lombok Tengah', '2021-07-05 00:58:42', '2021-07-05 00:58:42'),
(288, 22, 240, 'Lombok Timur', '2021-07-05 00:58:42', '2021-07-05 00:58:42'),
(289, 22, 241, 'Lombok Utara', '2021-07-05 00:58:42', '2021-07-05 00:58:42'),
(290, 22, 276, 'Mataram', '2021-07-05 00:58:42', '2021-07-05 00:58:42'),
(291, 22, 438, 'Sumbawa', '2021-07-05 00:58:43', '2021-07-05 00:58:43'),
(292, 22, 439, 'Sumbawa Barat', '2021-07-05 00:58:43', '2021-07-05 00:58:43'),
(293, 23, 13, 'Alor', '2021-07-05 00:58:45', '2021-07-05 00:58:45'),
(294, 23, 58, 'Belu', '2021-07-05 00:58:46', '2021-07-05 00:58:46'),
(295, 23, 122, 'Ende', '2021-07-05 00:58:48', '2021-07-05 00:58:48'),
(296, 23, 125, 'Flores Timur', '2021-07-05 00:58:48', '2021-07-05 00:58:48'),
(297, 23, 212, 'Kupang', '2021-07-05 00:58:49', '2021-07-05 00:58:49'),
(298, 23, 213, 'Kupang', '2021-07-05 00:58:50', '2021-07-05 00:58:50'),
(299, 23, 234, 'Lembata', '2021-07-05 00:58:50', '2021-07-05 00:58:50'),
(300, 23, 269, 'Manggarai', '2021-07-05 00:58:51', '2021-07-05 00:58:51'),
(301, 23, 270, 'Manggarai Barat', '2021-07-05 00:58:51', '2021-07-05 00:58:51'),
(302, 23, 271, 'Manggarai Timur', '2021-07-05 00:58:51', '2021-07-05 00:58:51'),
(303, 23, 301, 'Nagekeo', '2021-07-05 00:58:51', '2021-07-05 00:58:51'),
(304, 23, 304, 'Ngada', '2021-07-05 00:58:51', '2021-07-05 00:58:51'),
(305, 23, 383, 'Rote Ndao', '2021-07-05 00:58:51', '2021-07-05 00:58:51'),
(306, 23, 385, 'Sabu Raijua', '2021-07-05 00:58:52', '2021-07-05 00:58:52'),
(307, 23, 412, 'Sikka', '2021-07-05 00:58:52', '2021-07-05 00:58:52'),
(308, 23, 434, 'Sumba Barat', '2021-07-05 00:58:52', '2021-07-05 00:58:52'),
(309, 23, 435, 'Sumba Barat Daya', '2021-07-05 00:58:52', '2021-07-05 00:58:52'),
(310, 23, 436, 'Sumba Tengah', '2021-07-05 00:58:52', '2021-07-05 00:58:52'),
(311, 23, 437, 'Sumba Timur', '2021-07-05 00:58:52', '2021-07-05 00:58:52'),
(312, 23, 479, 'Timor Tengah Selatan', '2021-07-05 00:58:52', '2021-07-05 00:58:52'),
(313, 23, 480, 'Timor Tengah Utara', '2021-07-05 00:58:52', '2021-07-05 00:58:52'),
(314, 24, 16, 'Asmat', '2021-07-05 00:58:54', '2021-07-05 00:58:54'),
(315, 24, 67, 'Biak Numfor', '2021-07-05 00:58:54', '2021-07-05 00:58:54'),
(316, 24, 90, 'Boven Digoel', '2021-07-05 00:58:54', '2021-07-05 00:58:54'),
(317, 24, 111, 'Deiyai (Deliyai)', '2021-07-05 00:58:54', '2021-07-05 00:58:54'),
(318, 24, 117, 'Dogiyai', '2021-07-05 00:58:54', '2021-07-05 00:58:54'),
(319, 24, 150, 'Intan Jaya', '2021-07-05 00:58:54', '2021-07-05 00:58:54'),
(320, 24, 157, 'Jayapura', '2021-07-05 00:58:54', '2021-07-05 00:58:54'),
(321, 24, 158, 'Jayapura', '2021-07-05 00:58:54', '2021-07-05 00:58:54'),
(322, 24, 159, 'Jayawijaya', '2021-07-05 00:58:54', '2021-07-05 00:58:54'),
(323, 24, 180, 'Keerom', '2021-07-05 00:58:54', '2021-07-05 00:58:54'),
(324, 24, 193, 'Kepulauan Yapen (Yapen Waropen)', '2021-07-05 00:58:54', '2021-07-05 00:58:54'),
(325, 24, 231, 'Lanny Jaya', '2021-07-05 00:58:54', '2021-07-05 00:58:54'),
(326, 24, 263, 'Mamberamo Raya', '2021-07-05 00:58:55', '2021-07-05 00:58:55'),
(327, 24, 264, 'Mamberamo Tengah', '2021-07-05 00:58:55', '2021-07-05 00:58:55'),
(328, 24, 274, 'Mappi', '2021-07-05 00:58:55', '2021-07-05 00:58:55'),
(329, 24, 281, 'Merauke', '2021-07-05 00:58:55', '2021-07-05 00:58:55'),
(330, 24, 284, 'Mimika', '2021-07-05 00:58:55', '2021-07-05 00:58:55'),
(331, 24, 299, 'Nabire', '2021-07-05 00:58:55', '2021-07-05 00:58:55'),
(332, 24, 303, 'Nduga', '2021-07-05 00:58:55', '2021-07-05 00:58:55'),
(333, 24, 335, 'Paniai', '2021-07-05 00:58:55', '2021-07-05 00:58:55'),
(334, 24, 347, 'Pegunungan Bintang', '2021-07-05 00:58:56', '2021-07-05 00:58:56'),
(335, 24, 373, 'Puncak', '2021-07-05 00:58:56', '2021-07-05 00:58:56'),
(336, 24, 374, 'Puncak Jaya', '2021-07-05 00:58:56', '2021-07-05 00:58:56'),
(337, 24, 392, 'Sarmi', '2021-07-05 00:58:56', '2021-07-05 00:58:56'),
(338, 24, 443, 'Supiori', '2021-07-05 00:58:56', '2021-07-05 00:58:56'),
(339, 24, 484, 'Tolikara', '2021-07-05 00:58:56', '2021-07-05 00:58:56'),
(340, 24, 495, 'Waropen', '2021-07-05 00:58:56', '2021-07-05 00:58:56'),
(341, 24, 499, 'Yahukimo', '2021-07-05 00:58:56', '2021-07-05 00:58:56'),
(342, 24, 500, 'Yalimo', '2021-07-05 00:58:56', '2021-07-05 00:58:56'),
(343, 25, 124, 'Fakfak', '2021-07-05 00:58:58', '2021-07-05 00:58:58'),
(344, 25, 165, 'Kaimana', '2021-07-05 00:58:58', '2021-07-05 00:58:58'),
(345, 25, 272, 'Manokwari', '2021-07-05 00:58:58', '2021-07-05 00:58:58'),
(346, 25, 273, 'Manokwari Selatan', '2021-07-05 00:58:59', '2021-07-05 00:58:59'),
(347, 25, 277, 'Maybrat', '2021-07-05 00:58:59', '2021-07-05 00:58:59'),
(348, 25, 346, 'Pegunungan Arfak', '2021-07-05 00:58:59', '2021-07-05 00:58:59'),
(349, 25, 378, 'Raja Ampat', '2021-07-05 00:58:59', '2021-07-05 00:58:59'),
(350, 25, 424, 'Sorong', '2021-07-05 00:58:59', '2021-07-05 00:58:59'),
(351, 25, 425, 'Sorong', '2021-07-05 00:58:59', '2021-07-05 00:58:59'),
(352, 25, 426, 'Sorong Selatan', '2021-07-05 00:58:59', '2021-07-05 00:58:59'),
(353, 25, 449, 'Tambrauw', '2021-07-05 00:58:59', '2021-07-05 00:58:59'),
(354, 25, 474, 'Teluk Bintuni', '2021-07-05 00:59:00', '2021-07-05 00:59:00'),
(355, 25, 475, 'Teluk Wondama', '2021-07-05 00:59:00', '2021-07-05 00:59:00'),
(356, 26, 60, 'Bengkalis', '2021-07-05 00:59:02', '2021-07-05 00:59:02'),
(357, 26, 120, 'Dumai', '2021-07-05 00:59:02', '2021-07-05 00:59:02'),
(358, 26, 147, 'Indragiri Hilir', '2021-07-05 00:59:02', '2021-07-05 00:59:02'),
(359, 26, 148, 'Indragiri Hulu', '2021-07-05 00:59:02', '2021-07-05 00:59:02'),
(360, 26, 166, 'Kampar', '2021-07-05 00:59:02', '2021-07-05 00:59:02'),
(361, 26, 187, 'Kepulauan Meranti', '2021-07-05 00:59:02', '2021-07-05 00:59:02'),
(362, 26, 207, 'Kuantan Singingi', '2021-07-05 00:59:02', '2021-07-05 00:59:02'),
(363, 26, 350, 'Pekanbaru', '2021-07-05 00:59:03', '2021-07-05 00:59:03'),
(364, 26, 351, 'Pelalawan', '2021-07-05 00:59:03', '2021-07-05 00:59:03'),
(365, 26, 381, 'Rokan Hilir', '2021-07-05 00:59:03', '2021-07-05 00:59:03'),
(366, 26, 382, 'Rokan Hulu', '2021-07-05 00:59:03', '2021-07-05 00:59:03'),
(367, 26, 406, 'Siak', '2021-07-05 00:59:03', '2021-07-05 00:59:03'),
(368, 27, 253, 'Majene', '2021-07-05 00:59:05', '2021-07-05 00:59:05'),
(369, 27, 262, 'Mamasa', '2021-07-05 00:59:05', '2021-07-05 00:59:05'),
(370, 27, 265, 'Mamuju', '2021-07-05 00:59:05', '2021-07-05 00:59:05'),
(371, 27, 266, 'Mamuju Utara', '2021-07-05 00:59:05', '2021-07-05 00:59:05'),
(372, 27, 362, 'Polewali Mandar', '2021-07-05 00:59:05', '2021-07-05 00:59:05'),
(373, 28, 38, 'Bantaeng', '2021-07-05 00:59:07', '2021-07-05 00:59:07'),
(374, 28, 47, 'Barru', '2021-07-05 00:59:07', '2021-07-05 00:59:07'),
(375, 28, 87, 'Bone', '2021-07-05 00:59:07', '2021-07-05 00:59:07'),
(376, 28, 95, 'Bulukumba', '2021-07-05 00:59:08', '2021-07-05 00:59:08'),
(377, 28, 123, 'Enrekang', '2021-07-05 00:59:08', '2021-07-05 00:59:08'),
(378, 28, 132, 'Gowa', '2021-07-05 00:59:09', '2021-07-05 00:59:09'),
(379, 28, 162, 'Jeneponto', '2021-07-05 00:59:09', '2021-07-05 00:59:09'),
(380, 28, 244, 'Luwu', '2021-07-05 00:59:10', '2021-07-05 00:59:10'),
(381, 28, 245, 'Luwu Timur', '2021-07-05 00:59:10', '2021-07-05 00:59:10'),
(382, 28, 246, 'Luwu Utara', '2021-07-05 00:59:10', '2021-07-05 00:59:10'),
(383, 28, 254, 'Makassar', '2021-07-05 00:59:11', '2021-07-05 00:59:11'),
(384, 28, 275, 'Maros', '2021-07-05 00:59:11', '2021-07-05 00:59:11'),
(385, 28, 328, 'Palopo', '2021-07-05 00:59:11', '2021-07-05 00:59:11'),
(386, 28, 333, 'Pangkajene Kepulauan', '2021-07-05 00:59:12', '2021-07-05 00:59:12'),
(387, 28, 336, 'Parepare', '2021-07-05 00:59:12', '2021-07-05 00:59:12'),
(388, 28, 360, 'Pinrang', '2021-07-05 00:59:12', '2021-07-05 00:59:12'),
(389, 28, 396, 'Selayar (Kepulauan Selayar)', '2021-07-05 00:59:12', '2021-07-05 00:59:12'),
(390, 28, 408, 'Sidenreng Rappang/Rapang', '2021-07-05 00:59:12', '2021-07-05 00:59:12'),
(391, 28, 416, 'Sinjai', '2021-07-05 00:59:12', '2021-07-05 00:59:12'),
(392, 28, 423, 'Soppeng', '2021-07-05 00:59:12', '2021-07-05 00:59:12'),
(393, 28, 448, 'Takalar', '2021-07-05 00:59:13', '2021-07-05 00:59:13'),
(394, 28, 451, 'Tana Toraja', '2021-07-05 00:59:13', '2021-07-05 00:59:13'),
(395, 28, 486, 'Toraja Utara', '2021-07-05 00:59:13', '2021-07-05 00:59:13'),
(396, 28, 493, 'Wajo', '2021-07-05 00:59:13', '2021-07-05 00:59:13'),
(397, 29, 25, 'Banggai', '2021-07-05 00:59:15', '2021-07-05 00:59:15'),
(398, 29, 26, 'Banggai Kepulauan', '2021-07-05 00:59:16', '2021-07-05 00:59:16'),
(399, 29, 98, 'Buol', '2021-07-05 00:59:16', '2021-07-05 00:59:16'),
(400, 29, 119, 'Donggala', '2021-07-05 00:59:16', '2021-07-05 00:59:16'),
(401, 29, 291, 'Morowali', '2021-07-05 00:59:16', '2021-07-05 00:59:16'),
(402, 29, 329, 'Palu', '2021-07-05 00:59:17', '2021-07-05 00:59:17'),
(403, 29, 338, 'Parigi Moutong', '2021-07-05 00:59:17', '2021-07-05 00:59:17'),
(404, 29, 366, 'Poso', '2021-07-05 00:59:17', '2021-07-05 00:59:17'),
(405, 29, 410, 'Sigi', '2021-07-05 00:59:17', '2021-07-05 00:59:17'),
(406, 29, 482, 'Tojo Una-Una', '2021-07-05 00:59:17', '2021-07-05 00:59:17'),
(407, 29, 483, 'Toli-Toli', '2021-07-05 00:59:17', '2021-07-05 00:59:17'),
(408, 30, 53, 'Bau-Bau', '2021-07-05 00:59:20', '2021-07-05 00:59:20'),
(409, 30, 85, 'Bombana', '2021-07-05 00:59:20', '2021-07-05 00:59:20'),
(410, 30, 101, 'Buton', '2021-07-05 00:59:20', '2021-07-05 00:59:20'),
(411, 30, 102, 'Buton Utara', '2021-07-05 00:59:20', '2021-07-05 00:59:20'),
(412, 30, 182, 'Kendari', '2021-07-05 00:59:21', '2021-07-05 00:59:21'),
(413, 30, 198, 'Kolaka', '2021-07-05 00:59:21', '2021-07-05 00:59:21'),
(414, 30, 199, 'Kolaka Utara', '2021-07-05 00:59:22', '2021-07-05 00:59:22'),
(415, 30, 200, 'Konawe', '2021-07-05 00:59:22', '2021-07-05 00:59:22'),
(416, 30, 201, 'Konawe Selatan', '2021-07-05 00:59:23', '2021-07-05 00:59:23'),
(417, 30, 202, 'Konawe Utara', '2021-07-05 00:59:23', '2021-07-05 00:59:23'),
(418, 30, 295, 'Muna', '2021-07-05 00:59:24', '2021-07-05 00:59:24'),
(419, 30, 494, 'Wakatobi', '2021-07-05 00:59:25', '2021-07-05 00:59:25'),
(420, 31, 73, 'Bitung', '2021-07-05 00:59:27', '2021-07-05 00:59:27'),
(421, 31, 81, 'Bolaang Mongondow (Bolmong)', '2021-07-05 00:59:28', '2021-07-05 00:59:28'),
(422, 31, 82, 'Bolaang Mongondow Selatan', '2021-07-05 00:59:29', '2021-07-05 00:59:29'),
(423, 31, 83, 'Bolaang Mongondow Timur', '2021-07-05 00:59:29', '2021-07-05 00:59:29'),
(424, 31, 84, 'Bolaang Mongondow Utara', '2021-07-05 00:59:30', '2021-07-05 00:59:30'),
(425, 31, 188, 'Kepulauan Sangihe', '2021-07-05 00:59:30', '2021-07-05 00:59:30'),
(426, 31, 190, 'Kepulauan Siau Tagulandang Biaro (Sitaro)', '2021-07-05 00:59:31', '2021-07-05 00:59:31'),
(427, 31, 192, 'Kepulauan Talaud', '2021-07-05 00:59:31', '2021-07-05 00:59:31'),
(428, 31, 204, 'Kotamobagu', '2021-07-05 00:59:31', '2021-07-05 00:59:31'),
(429, 31, 267, 'Manado', '2021-07-05 00:59:31', '2021-07-05 00:59:31'),
(430, 31, 285, 'Minahasa', '2021-07-05 00:59:32', '2021-07-05 00:59:32'),
(431, 31, 286, 'Minahasa Selatan', '2021-07-05 00:59:32', '2021-07-05 00:59:32'),
(432, 31, 287, 'Minahasa Tenggara', '2021-07-05 00:59:32', '2021-07-05 00:59:32'),
(433, 31, 288, 'Minahasa Utara', '2021-07-05 00:59:32', '2021-07-05 00:59:32'),
(434, 31, 485, 'Tomohon', '2021-07-05 00:59:32', '2021-07-05 00:59:32'),
(435, 32, 12, 'Agam', '2021-07-05 00:59:34', '2021-07-05 00:59:34'),
(436, 32, 93, 'Bukittinggi', '2021-07-05 00:59:34', '2021-07-05 00:59:34'),
(437, 32, 116, 'Dharmasraya', '2021-07-05 00:59:34', '2021-07-05 00:59:34'),
(438, 32, 186, 'Kepulauan Mentawai', '2021-07-05 00:59:34', '2021-07-05 00:59:34'),
(439, 32, 236, 'Lima Puluh Koto/Kota', '2021-07-05 00:59:34', '2021-07-05 00:59:34'),
(440, 32, 318, 'Padang', '2021-07-05 00:59:34', '2021-07-05 00:59:34'),
(441, 32, 321, 'Padang Panjang', '2021-07-05 00:59:34', '2021-07-05 00:59:34'),
(442, 32, 322, 'Padang Pariaman', '2021-07-05 00:59:34', '2021-07-05 00:59:34'),
(443, 32, 337, 'Pariaman', '2021-07-05 00:59:34', '2021-07-05 00:59:34'),
(444, 32, 339, 'Pasaman', '2021-07-05 00:59:35', '2021-07-05 00:59:35'),
(445, 32, 340, 'Pasaman Barat', '2021-07-05 00:59:35', '2021-07-05 00:59:35'),
(446, 32, 345, 'Payakumbuh', '2021-07-05 00:59:35', '2021-07-05 00:59:35'),
(447, 32, 357, 'Pesisir Selatan', '2021-07-05 00:59:35', '2021-07-05 00:59:35'),
(448, 32, 394, 'Sawah Lunto', '2021-07-05 00:59:35', '2021-07-05 00:59:35'),
(449, 32, 411, 'Sijunjung (Sawah Lunto Sijunjung)', '2021-07-05 00:59:35', '2021-07-05 00:59:35'),
(450, 32, 420, 'Solok', '2021-07-05 00:59:35', '2021-07-05 00:59:35'),
(451, 32, 421, 'Solok', '2021-07-05 00:59:35', '2021-07-05 00:59:35'),
(452, 32, 422, 'Solok Selatan', '2021-07-05 00:59:35', '2021-07-05 00:59:35'),
(453, 32, 453, 'Tanah Datar', '2021-07-05 00:59:35', '2021-07-05 00:59:35'),
(454, 33, 40, 'Banyuasin', '2021-07-05 00:59:37', '2021-07-05 00:59:37'),
(455, 33, 121, 'Empat Lawang', '2021-07-05 00:59:38', '2021-07-05 00:59:38'),
(456, 33, 220, 'Lahat', '2021-07-05 00:59:38', '2021-07-05 00:59:38'),
(457, 33, 242, 'Lubuk Linggau', '2021-07-05 00:59:39', '2021-07-05 00:59:39'),
(458, 33, 292, 'Muara Enim', '2021-07-05 00:59:39', '2021-07-05 00:59:39'),
(459, 33, 297, 'Musi Banyuasin', '2021-07-05 00:59:39', '2021-07-05 00:59:39'),
(460, 33, 298, 'Musi Rawas', '2021-07-05 00:59:40', '2021-07-05 00:59:40'),
(461, 33, 312, 'Ogan Ilir', '2021-07-05 00:59:40', '2021-07-05 00:59:40'),
(462, 33, 313, 'Ogan Komering Ilir', '2021-07-05 00:59:41', '2021-07-05 00:59:41'),
(463, 33, 314, 'Ogan Komering Ulu', '2021-07-05 00:59:41', '2021-07-05 00:59:41'),
(464, 33, 315, 'Ogan Komering Ulu Selatan', '2021-07-05 00:59:41', '2021-07-05 00:59:41'),
(465, 33, 316, 'Ogan Komering Ulu Timur', '2021-07-05 00:59:42', '2021-07-05 00:59:42'),
(466, 33, 324, 'Pagar Alam', '2021-07-05 00:59:42', '2021-07-05 00:59:42'),
(467, 33, 327, 'Palembang', '2021-07-05 00:59:42', '2021-07-05 00:59:42'),
(468, 33, 367, 'Prabumulih', '2021-07-05 00:59:42', '2021-07-05 00:59:42'),
(469, 34, 15, 'Asahan', '2021-07-05 00:59:43', '2021-07-05 00:59:43'),
(470, 34, 52, 'Batu Bara', '2021-07-05 00:59:44', '2021-07-05 00:59:44'),
(471, 34, 70, 'Binjai', '2021-07-05 00:59:44', '2021-07-05 00:59:44'),
(472, 34, 110, 'Dairi', '2021-07-05 00:59:44', '2021-07-05 00:59:44'),
(473, 34, 112, 'Deli Serdang', '2021-07-05 00:59:44', '2021-07-05 00:59:44'),
(474, 34, 137, 'Gunungsitoli', '2021-07-05 00:59:44', '2021-07-05 00:59:44'),
(475, 34, 146, 'Humbang Hasundutan', '2021-07-05 00:59:44', '2021-07-05 00:59:44'),
(476, 34, 173, 'Karo', '2021-07-05 00:59:44', '2021-07-05 00:59:44'),
(477, 34, 217, 'Labuhan Batu', '2021-07-05 00:59:45', '2021-07-05 00:59:45'),
(478, 34, 218, 'Labuhan Batu Selatan', '2021-07-05 00:59:45', '2021-07-05 00:59:45'),
(479, 34, 219, 'Labuhan Batu Utara', '2021-07-05 00:59:45', '2021-07-05 00:59:45'),
(480, 34, 229, 'Langkat', '2021-07-05 00:59:45', '2021-07-05 00:59:45'),
(481, 34, 268, 'Mandailing Natal', '2021-07-05 00:59:45', '2021-07-05 00:59:45'),
(482, 34, 278, 'Medan', '2021-07-05 00:59:45', '2021-07-05 00:59:45'),
(483, 34, 307, 'Nias', '2021-07-05 00:59:45', '2021-07-05 00:59:45'),
(484, 34, 308, 'Nias Barat', '2021-07-05 00:59:45', '2021-07-05 00:59:45'),
(485, 34, 309, 'Nias Selatan', '2021-07-05 00:59:45', '2021-07-05 00:59:45'),
(486, 34, 310, 'Nias Utara', '2021-07-05 00:59:45', '2021-07-05 00:59:45'),
(487, 34, 319, 'Padang Lawas', '2021-07-05 00:59:45', '2021-07-05 00:59:45'),
(488, 34, 320, 'Padang Lawas Utara', '2021-07-05 00:59:45', '2021-07-05 00:59:45'),
(489, 34, 323, 'Padang Sidempuan', '2021-07-05 00:59:45', '2021-07-05 00:59:45'),
(490, 34, 325, 'Pakpak Bharat', '2021-07-05 00:59:45', '2021-07-05 00:59:45'),
(491, 34, 353, 'Pematang Siantar', '2021-07-05 00:59:46', '2021-07-05 00:59:46'),
(492, 34, 389, 'Samosir', '2021-07-05 00:59:46', '2021-07-05 00:59:46'),
(493, 34, 404, 'Serdang Bedagai', '2021-07-05 00:59:46', '2021-07-05 00:59:46'),
(494, 34, 407, 'Sibolga', '2021-07-05 00:59:46', '2021-07-05 00:59:46'),
(495, 34, 413, 'Simalungun', '2021-07-05 00:59:46', '2021-07-05 00:59:46'),
(496, 34, 459, 'Tanjung Balai', '2021-07-05 00:59:46', '2021-07-05 00:59:46'),
(497, 34, 463, 'Tapanuli Selatan', '2021-07-05 00:59:46', '2021-07-05 00:59:46'),
(498, 34, 464, 'Tapanuli Tengah', '2021-07-05 00:59:46', '2021-07-05 00:59:46'),
(499, 34, 465, 'Tapanuli Utara', '2021-07-05 00:59:46', '2021-07-05 00:59:46'),
(500, 34, 470, 'Tebing Tinggi', '2021-07-05 00:59:46', '2021-07-05 00:59:46'),
(501, 34, 481, 'Toba Samosir', '2021-07-05 00:59:46', '2021-07-05 00:59:46');

-- --------------------------------------------------------

--
-- Table structure for table `kurir`
--

CREATE TABLE `kurir` (
  `id` bigint UNSIGNED NOT NULL,
  `kode` varchar(255) CHARACTER SET utf8mb4 COLLATE utf8mb4_unicode_ci NOT NULL,
  `ekspedisi` varchar(255) CHARACTER SET utf8mb4 COLLATE utf8mb4_unicode_ci NOT NULL,
  `created_at` timestamp NULL DEFAULT NULL,
  `updated_at` timestamp NULL DEFAULT NULL
) ENGINE=InnoDB DEFAULT CHARSET=utf8mb4 COLLATE=utf8mb4_unicode_ci;

--
-- Dumping data for table `kurir`
--

INSERT INTO `kurir` (`id`, `kode`, `ekspedisi`, `created_at`, `updated_at`) VALUES
(1, 'jne', 'JNE', NULL, NULL),
(2, 'pos', 'POS', NULL, NULL),
(3, 'tiki', 'TIKI', NULL, NULL);

-- --------------------------------------------------------

--
-- Table structure for table `migrations`
--

CREATE TABLE `migrations` (
  `id` int UNSIGNED NOT NULL,
  `migration` varchar(255) CHARACTER SET utf8mb4 COLLATE utf8mb4_unicode_ci NOT NULL,
  `batch` int NOT NULL
) ENGINE=InnoDB DEFAULT CHARSET=utf8mb4 COLLATE=utf8mb4_unicode_ci;

--
-- Dumping data for table `migrations`
--

INSERT INTO `migrations` (`id`, `migration`, `batch`) VALUES
(1, '2014_10_12_000000_create_pelanggan_table', 1),
(2, '2014_10_12_100000_create_password_resets_table', 1),
(3, '2020_10_12_083219_create_admin_table', 1),
(4, '2021_07_05_072752_create_kategori_table', 1),
(5, '2021_07_05_073204_create_produk_table', 1),
(6, '2021_07_05_073723_create_supplier_table', 1),
(7, '2021_07_05_073858_create_provinsi_table', 1),
(8, '2021_07_05_074020_create_kota_table', 1),
(9, '2021_07_05_074138_create_kurir_table', 1),
(10, '2021_07_05_074328_create_pesanan_table', 1),
(11, '2021_07_05_074531_create_pesanan_detail_table', 1),
(12, '2021_07_05_074631_create_pembayaran_table', 1);

-- --------------------------------------------------------

--
-- Table structure for table `password_resets`
--

CREATE TABLE `password_resets` (
  `email` varchar(255) CHARACTER SET utf8mb4 COLLATE utf8mb4_unicode_ci NOT NULL,
  `token` varchar(255) CHARACTER SET utf8mb4 COLLATE utf8mb4_unicode_ci NOT NULL,
  `created_at` timestamp NULL DEFAULT NULL
) ENGINE=InnoDB DEFAULT CHARSET=utf8mb4 COLLATE=utf8mb4_unicode_ci;

--
-- Dumping data for table `password_resets`
--

INSERT INTO `password_resets` (`email`, `token`, `created_at`) VALUES
('stokoaneka@gmail.com', '$2y$10$HVeoZAn8VffI1xlPljDCUuoxJTGaZUMrjwmE5WfAI4BZ5RDgAQMqe', '2022-09-28 18:50:27'),
('arnodarah@gmail.com', '$2y$10$32L0JwIgtxTjt5f/1p86Tu6Cn6qTnWs6Yz3Y3.aFa/3G/QUHhv0Um', '2023-03-01 03:11:05'),
('zentryas27@gmail.com', '$2y$10$eYlLpIbd8ZbgFOUZzCrsreH6sTKLBbdCNFjk.rOTEuySeeJ5KiOe2', '2023-03-02 13:09:47'),
('gfacestore@gmail.com', '$2y$10$LRdBgJxBLMr/RWSfMaSpl.XscQAElduJd2Iy.puqr/7LhayS51YQK', '2023-03-02 14:08:42');

-- --------------------------------------------------------

--
-- Table structure for table `pelanggan`
--

CREATE TABLE `pelanggan` (
  `id` bigint UNSIGNED NOT NULL,
  `name` varchar(255) CHARACTER SET utf8mb4 COLLATE utf8mb4_unicode_ci NOT NULL,
  `email` varchar(255) CHARACTER SET utf8mb4 COLLATE utf8mb4_unicode_ci NOT NULL,
  `email_verified_at` timestamp NULL DEFAULT NULL,
  `password` varchar(255) CHARACTER SET utf8mb4 COLLATE utf8mb4_unicode_ci NOT NULL,
  `remember_token` varchar(100) CHARACTER SET utf8mb4 COLLATE utf8mb4_unicode_ci DEFAULT NULL,
  `foto` varchar(255) CHARACTER SET utf8mb4 COLLATE utf8mb4_unicode_ci DEFAULT NULL,
  `no_hp` varchar(255) CHARACTER SET utf8mb4 COLLATE utf8mb4_unicode_ci DEFAULT NULL,
  `jenis_kelamin` varchar(255) CHARACTER SET utf8mb4 COLLATE utf8mb4_unicode_ci DEFAULT NULL,
  `alamat` varchar(255) CHARACTER SET utf8mb4 COLLATE utf8mb4_unicode_ci DEFAULT NULL,
  `active` tinyint(1) NOT NULL DEFAULT '0',
  `activation_token` varchar(255) CHARACTER SET utf8mb4 COLLATE utf8mb4_unicode_ci DEFAULT NULL,
  `created_at` timestamp NULL DEFAULT NULL,
  `updated_at` timestamp NULL DEFAULT NULL
) ENGINE=InnoDB DEFAULT CHARSET=utf8mb4 COLLATE=utf8mb4_unicode_ci;

--
-- Dumping data for table `pelanggan`
--

INSERT INTO `pelanggan` (`id`, `name`, `email`, `email_verified_at`, `password`, `remember_token`, `foto`, `no_hp`, `jenis_kelamin`, `alamat`, `active`, `activation_token`, `created_at`, `updated_at`) VALUES
(1, 'Saputra', 'zentryas27@gmail.com', NULL, '$2y$10$pXZyOwb7e0C8lhE9j2djdu0GB5voC1sJQs2a8dhRwuAScFrixz50m', NULL, NULL, '085803959179', 'Pria', 'Yogyakarta', 1, '', '2023-03-01 03:02:16', '2023-03-01 03:02:16'),
(2, 'Hermansyah', 'arnodarah@gmail.com', NULL, '$2y$10$nehyx5x953.jOc7k7OwPEuNf20iIFaQ2ogLVvPhmbaPvmNb6sEsWm', NULL, NULL, '08538796118', 'Pria', 'Surakarta', 1, '', '2023-03-01 03:06:26', '2023-03-01 03:06:26'),
(3, 'Jason Brody', 'veryveryhard44@gmail.com', NULL, '$2y$10$e/pLu5njHfQn.3JynnXKSOxU4CTJKojV.OFL.EorYsBhrv39OXHj2', NULL, NULL, '082325081948', 'Pria', 'Manado', 0, 'DnHIKgMwRQT8Csxh1D7kt6herubuIW28LPgDCPPEFfNelpLbFbGgkylmtq9Ba6mF6WEBhMglnSrniY0wnhyWj8GoD08LYYwXcUHCtDkzJI8cJGMhod6zw6bpjqcnqlODMX48hvkHPbDEN4Wsxu89og9bK168118D4IUjIBZsOKFAn4y6Had7sjkLZWyPvFQpMxOViQhGh54he7IwviTZzGwxbSmBQnLuBM73NhuOIZ3zAZAw3dFcrWqXzhUSumD', '2023-03-01 03:38:19', '2023-03-01 03:38:19'),
(4, 'M.Arif Budi Darmawan', 'adarmawan749@gmail.com', NULL, '$2y$10$PnAf/twQucmtWgvasu7jMO9e.kXiwXpYFJdjhLmRUp5A/RCQYYzsm', 'zmzPPqUapeNHHKdczTjaaMIDd6QCwvQCVmExWEyyui8XIcknNQzVrZis2pwM', NULL, '085860391996', 'Pria', 'Rt: 03/Rw:02 Jemjar Kulon,Keluarahan Jatiluhur,Kecamatan Karanganyar,Kabupaten Kebumen,Jawa Tengah,Indonesia', 1, NULL, '2023-03-02 15:41:41', '2023-03-02 16:03:24');

-- --------------------------------------------------------

--
-- Table structure for table `pembayaran`
--

CREATE TABLE `pembayaran` (
  `id` bigint UNSIGNED NOT NULL,
  `pesanan_id` int DEFAULT NULL,
  `total_pembayaran` decimal(20,2) NOT NULL DEFAULT '0.00',
  `status_pembayaran` varchar(255) CHARACTER SET utf8mb4 COLLATE utf8mb4_unicode_ci NOT NULL DEFAULT 'pending',
  `snap_token` varchar(255) CHARACTER SET utf8mb4 COLLATE utf8mb4_unicode_ci DEFAULT NULL,
  `testimonial` text CHARACTER SET utf8mb4 COLLATE utf8mb4_unicode_ci,
  `created_at` timestamp NULL DEFAULT NULL,
  `updated_at` timestamp NULL DEFAULT NULL
) ENGINE=InnoDB DEFAULT CHARSET=utf8mb4 COLLATE=utf8mb4_unicode_ci;

--
-- Dumping data for table `pembayaran`
--

INSERT INTO `pembayaran` (`id`, `pesanan_id`, `total_pembayaran`, `status_pembayaran`, `snap_token`, `testimonial`, `created_at`, `updated_at`) VALUES
(1, 3, '463000.00', 'success', '80e534dd-c567-4316-b2e6-c6668db7840f', NULL, '2023-03-01 03:16:03', '2023-03-01 03:18:13'),
(2, 4, '1211000.00', 'success', '7f9329ee-13ee-43c9-a730-6b13537d9086', 'mantap barang mulus', '2023-03-01 03:20:42', '2023-03-01 03:34:47'),
(3, 5, '479000.00', 'expired', '5441b872-5c70-431c-8c8c-28fbbc8b66eb', NULL, '2023-03-01 04:29:00', '2023-03-01 05:30:40'),
(4, 7, '1161000.00', 'expired', 'a5cc2207-1451-4749-ad36-561f228cec88', NULL, '2023-03-01 04:58:52', '2023-03-01 05:59:08'),
(5, 6, '907000.00', 'success', '4896c20c-b8a0-4fb0-87ed-6f6c78e0fe16', 'Real picture', '2023-03-02 13:37:06', '2023-03-02 13:55:12'),
(6, 8, '416000.00', 'expired', '240658aa-fe3d-4154-9326-a74bbafd2aa1', NULL, '2023-03-02 13:51:37', '2023-03-02 14:51:47'),
(7, 9, '1813000.00', 'success', 'fee6dea4-fd3c-4f13-b538-f468f7369f35', 'Mantap Barang sesuai dan cepat pengirimannya', '2023-03-02 15:45:41', '2023-03-02 15:54:49'),
(8, 10, '7239000.00', 'success', '4528fdac-9531-4e71-bb23-78f7f6c77f9d', NULL, '2023-03-04 12:59:33', '2023-03-04 13:01:07'),
(9, 11, '420000.00', 'expired', 'be799097-00ef-45c8-b181-7750f117a04d', NULL, '2023-03-04 13:03:07', '2023-03-04 14:04:37'),
(10, 16, '7478000.00', 'success', '7e21435d-f04b-48d7-add5-572d879cef2d', 'mantap', '2023-03-04 13:53:18', '2023-03-04 13:56:54'),
(11, 17, '2328000.00', 'success', 'fb80fa45-edad-44d2-a8ea-c36f7fa0472c', 'joss', '2023-03-04 14:05:58', '2023-03-04 14:10:28'),
(12, 19, '1566000.00', 'success', '294bcfbb-4e0b-4a5d-990f-4da0ff825d34', NULL, '2023-03-04 14:14:07', '2023-03-04 14:15:06');

-- --------------------------------------------------------

--
-- Table structure for table `pesanan`
--

CREATE TABLE `pesanan` (
  `id` bigint UNSIGNED NOT NULL,
  `pelanggan_id` int NOT NULL,
  `admin_id` int NOT NULL,
  `provinsi_id` int DEFAULT NULL,
  `kota_id` int DEFAULT NULL,
  `kurir_id` varchar(255) CHARACTER SET utf8mb4 COLLATE utf8mb4_unicode_ci DEFAULT NULL,
  `kode_pesanan` varchar(255) CHARACTER SET utf8mb4 COLLATE utf8mb4_unicode_ci NOT NULL,
  `tgl_pesanan` date NOT NULL,
  `status_pesanan` int NOT NULL,
  `total_harga` int DEFAULT NULL,
  `alamat_kirim` text CHARACTER SET utf8mb4 COLLATE utf8mb4_unicode_ci,
  `nomor_resi` varchar(255) CHARACTER SET utf8mb4 COLLATE utf8mb4_unicode_ci DEFAULT NULL,
  `biaya_ongkir` int DEFAULT NULL,
  `kurir` varchar(255) CHARACTER SET utf8mb4 COLLATE utf8mb4_unicode_ci DEFAULT NULL,
  `paket_kurir` varchar(255) CHARACTER SET utf8mb4 COLLATE utf8mb4_unicode_ci DEFAULT NULL,
  `estimasi` varchar(255) CHARACTER SET utf8mb4 COLLATE utf8mb4_unicode_ci DEFAULT NULL,
  `berat` int DEFAULT NULL,
  `created_at` timestamp NULL DEFAULT NULL,
  `updated_at` timestamp NULL DEFAULT NULL
) ENGINE=InnoDB DEFAULT CHARSET=utf8mb4 COLLATE=utf8mb4_unicode_ci;

--
-- Dumping data for table `pesanan`
--

INSERT INTO `pesanan` (`id`, `pelanggan_id`, `admin_id`, `provinsi_id`, `kota_id`, `kurir_id`, `kode_pesanan`, `tgl_pesanan`, `status_pesanan`, `total_harga`, `alamat_kirim`, `nomor_resi`, `biaya_ongkir`, `kurir`, `paket_kurir`, `estimasi`, `berat`, `created_at`, `updated_at`) VALUES
(1, 3, 1, NULL, NULL, NULL, 'PESANAN-563', '2023-03-01', 0, 0, NULL, NULL, NULL, NULL, NULL, NULL, NULL, '2023-03-01 02:41:33', '2023-03-01 02:42:09'),
(2, 2, 1, NULL, NULL, NULL, 'PESANAN-233', '2023-03-01', 1, 1150000, NULL, NULL, NULL, NULL, NULL, NULL, NULL, '2023-03-01 03:08:00', '2023-03-01 03:08:07'),
(3, 1, 1, 10, 37, 'jne', 'PESANAN-950', '2023-03-01', 5, 400000, 'Jl. Jendral Soedirman No.12', 'resi-trx98877686467', 63000, 'jne', 'OKE - Ongkos Kirim Ekonomis', '4-5', 1000, '2023-03-01 03:15:19', '2023-03-01 03:24:41'),
(4, 2, 1, 10, 445, 'jne', 'PESANAN-483', '2023-03-01', 5, 1150000, 'RT 02 RW 04 Desa sukamaju', 'Resipesanan-483', 61000, 'jne', 'OKE - Ongkos Kirim Ekonomis', '3-4', 1000, '2023-03-01 03:19:11', '2023-03-01 03:34:47'),
(5, 1, 1, 4, 62, 'pos', 'PESANAN-163', '2023-03-01', 6, 400000, 'Jl. Jendral Soedirman No.12', NULL, 79000, 'pos', 'Pos Reguler - Pos Reguler', '8 HARI', 1000, '2023-03-01 04:24:10', '2023-03-01 05:30:40'),
(6, 1, 1, 5, 419, 'jne', 'PESANAN-874', '2023-03-01', 5, 900000, 'Nganti RT 01 RW 07 Sendangadi, Kec. Mlati', 'trx7654545767', 7000, 'jne', 'CTC - JNE City Courier', '1-2', 1000, '2023-03-01 04:56:03', '2023-03-02 13:55:12'),
(7, 2, 1, 10, 399, 'jne', 'PESANAN-954', '2023-03-01', 6, 1150000, 'Rt 03 Rw 02 Desa Mlati', NULL, 11000, 'jne', 'OKE - Ongkos Kirim Ekonomis', '4-5', 1000, '2023-03-01 04:57:54', '2023-03-01 05:59:08'),
(8, 1, 1, 10, 177, 'tiki', 'PESANAN-251', '2023-03-02', 6, 400000, 'Jl. Jendral Soedirman No.12', NULL, 16000, 'tiki', 'REG - Regular Service', '3', 1000, '2023-03-02 13:51:02', '2023-03-02 14:51:47'),
(9, 4, 1, 10, 177, 'jne', 'PESANAN-413', '2023-03-02', 5, 1800000, 'Rt:03 Rw:02 Jatiluhur Karangayar Kebumen', 'ResiTKP-007', 13000, 'jne', 'OKE - Ongkos Kirim Ekonomis', '6-7', 1000, '2023-03-02 15:44:06', '2023-03-02 15:54:49'),
(10, 1, 1, 10, 177, 'jne', 'PESANAN-206', '2023-03-04', 5, 7200000, 'Jl. Jendral Soedirman No.12', 'resi976756767uu67', 39000, 'jne', 'OKE - Ongkos Kirim Ekonomis', '6-7', 3000, '2023-03-04 12:44:28', '2023-03-04 13:04:30'),
(11, 1, 1, 9, 34, 'pos', 'PESANAN-266', '2023-03-04', 6, 400000, 'Jl. Jendral Soedirman No.12', NULL, 20000, 'pos', 'Pos Reguler - Pos Reguler', '3 HARI', 1000, '2023-03-04 13:02:11', '2023-03-04 14:04:37'),
(12, 4, 1, NULL, NULL, NULL, 'PESANAN-616', '2023-03-04', 1, 900000, NULL, NULL, NULL, NULL, NULL, NULL, NULL, '2023-03-04 13:46:01', '2023-03-04 13:46:05'),
(13, 4, 1, NULL, NULL, NULL, 'PESANAN-164', '2023-03-04', 1, 2450000, NULL, NULL, NULL, NULL, NULL, NULL, NULL, '2023-03-04 13:46:45', '2023-03-04 13:47:21'),
(14, 4, 1, NULL, NULL, NULL, 'PESANAN-949', '2023-03-04', 1, 1150000, NULL, NULL, NULL, NULL, NULL, NULL, NULL, '2023-03-04 13:48:45', '2023-03-04 13:48:48'),
(15, 4, 1, NULL, NULL, NULL, 'PESANAN-796', '2023-03-04', 6, 2850000, NULL, NULL, NULL, NULL, NULL, NULL, NULL, '2023-03-04 13:49:21', '2023-03-04 15:01:27'),
(16, 4, 1, 5, 419, 'jne', 'PESANAN-211', '2023-03-04', 5, 7450000, 'mlati', '12345', 28000, 'jne', 'CTC - JNE City Courier', '1-2', 4000, '2023-03-04 13:50:49', '2023-03-04 13:56:54'),
(17, 4, 1, 1, 32, 'tiki', 'PESANAN-203', '2023-03-04', 5, 2300000, 'yyy', '44446', 28000, 'tiki', 'ECO - Economy Service', '4', 1000, '2023-03-04 14:05:26', '2023-03-04 14:10:28'),
(18, 4, 1, NULL, NULL, NULL, 'PESANAN-177', '2023-03-04', 6, 2450000, NULL, NULL, NULL, NULL, NULL, NULL, NULL, '2023-03-04 14:11:30', '2023-03-04 15:01:15'),
(19, 4, 1, 6, 152, 'jne', 'PESANAN-509', '2023-03-04', 5, 1550000, 'alun alun', '0077', 16000, 'jne', 'OKE - Ongkos Kirim Ekonomis', '3-4', 1000, '2023-03-04 14:13:02', '2023-03-04 14:15:41'),
(20, 1, 1, NULL, NULL, NULL, 'PESANAN-397', '2023-03-04', 6, 400000, NULL, NULL, NULL, NULL, NULL, NULL, NULL, '2023-03-04 14:17:40', '2023-03-04 14:59:21');

-- --------------------------------------------------------

--
-- Table structure for table `pesanan_detail`
--

CREATE TABLE `pesanan_detail` (
  `id` bigint UNSIGNED NOT NULL,
  `produk_id` int NOT NULL,
  `pesanan_id` int NOT NULL,
  `jumlah_beli` int NOT NULL,
  `jumlah_harga` int NOT NULL,
  `ukuran` varchar(255) CHARACTER SET utf8mb4 COLLATE utf8mb4_unicode_ci NOT NULL,
  `created_at` timestamp NULL DEFAULT NULL,
  `updated_at` timestamp NULL DEFAULT NULL
) ENGINE=InnoDB DEFAULT CHARSET=utf8mb4 COLLATE=utf8mb4_unicode_ci;

--
-- Dumping data for table `pesanan_detail`
--

INSERT INTO `pesanan_detail` (`id`, `produk_id`, `pesanan_id`, `jumlah_beli`, `jumlah_harga`, `ukuran`, `created_at`, `updated_at`) VALUES
(2, 2, 2, 1, 1150000, 'stok2', '2023-03-01 03:08:00', '2023-03-01 03:08:00'),
(3, 3, 3, 1, 400000, 'stok4', '2023-03-01 03:15:19', '2023-03-01 03:15:19'),
(4, 2, 4, 1, 1150000, 'stok2', '2023-03-01 03:19:11', '2023-03-01 03:19:11'),
(5, 3, 5, 1, 400000, 'stok4', '2023-03-01 04:24:10', '2023-03-01 04:24:10'),
(6, 1, 6, 1, 900000, 'stok4', '2023-03-01 04:56:03', '2023-03-01 04:56:03'),
(7, 2, 7, 1, 1150000, 'stok2', '2023-03-01 04:57:54', '2023-03-01 04:57:54'),
(8, 3, 8, 1, 400000, 'stok3', '2023-03-02 13:51:02', '2023-03-02 13:51:02'),
(9, 1, 9, 2, 1800000, 'stok2', '2023-03-02 15:44:06', '2023-03-02 15:44:06'),
(10, 3, 10, 1, 400000, 'stok3', '2023-03-04 12:44:28', '2023-03-04 12:44:28'),
(11, 1, 10, 5, 4500000, 'stok3', '2023-03-04 12:45:03', '2023-03-04 12:45:03'),
(12, 2, 10, 2, 2300000, 'stok3', '2023-03-04 12:45:20', '2023-03-04 12:45:20'),
(13, 3, 11, 1, 400000, 'stok5', '2023-03-04 13:02:11', '2023-03-04 13:02:11'),
(14, 1, 12, 1, 900000, 'stok1', '2023-03-04 13:46:01', '2023-03-04 13:46:01'),
(15, 1, 13, 1, 900000, 'stok2', '2023-03-04 13:46:45', '2023-03-04 13:46:45'),
(16, 3, 13, 1, 400000, 'stok5', '2023-03-04 13:47:06', '2023-03-04 13:47:06'),
(17, 2, 13, 1, 1150000, 'stok1', '2023-03-04 13:47:18', '2023-03-04 13:47:18'),
(18, 2, 14, 1, 1150000, 'stok5', '2023-03-04 13:48:45', '2023-03-04 13:48:45'),
(19, 3, 15, 2, 800000, 'stok5', '2023-03-04 13:49:21', '2023-03-04 13:49:55'),
(20, 1, 15, 1, 900000, 'stok2', '2023-03-04 13:49:36', '2023-03-04 13:49:36'),
(21, 2, 15, 1, 1150000, 'stok2', '2023-03-04 13:49:45', '2023-03-04 13:49:45'),
(23, 1, 16, 1, 900000, 'stok2', '2023-03-04 13:51:03', '2023-03-04 13:51:03'),
(24, 3, 16, 2, 800000, 'stok5', '2023-03-04 13:51:24', '2023-03-04 13:51:24'),
(25, 2, 16, 5, 5750000, 'stok1', '2023-03-04 13:51:32', '2023-03-04 13:51:43'),
(26, 2, 17, 2, 2300000, 'stok5', '2023-03-04 14:05:26', '2023-03-04 14:05:26'),
(27, 1, 18, 1, 900000, 'stok2', '2023-03-04 14:11:30', '2023-03-04 14:11:30'),
(28, 3, 18, 1, 400000, 'stok4', '2023-03-04 14:11:42', '2023-03-04 14:11:42'),
(29, 2, 18, 1, 1150000, 'stok1', '2023-03-04 14:11:51', '2023-03-04 14:11:51'),
(30, 3, 19, 1, 400000, 'stok4', '2023-03-04 14:13:03', '2023-03-04 14:13:03'),
(31, 2, 19, 1, 1150000, 'stok4', '2023-03-04 14:13:10', '2023-03-04 14:13:10'),
(32, 3, 20, 1, 400000, 'stok4', '2023-03-04 14:17:40', '2023-03-04 14:17:40');

-- --------------------------------------------------------

--
-- Table structure for table `produk`
--

CREATE TABLE `produk` (
  `id` bigint UNSIGNED NOT NULL,
  `kategori_id` int NOT NULL,
  `supplier_id` int NOT NULL,
  `gambar_produk` varchar(255) CHARACTER SET utf8mb4 COLLATE utf8mb4_unicode_ci NOT NULL,
  `gambar_produk2` varchar(255) CHARACTER SET utf8mb4 COLLATE utf8mb4_unicode_ci DEFAULT NULL,
  `gambar_produk3` varchar(255) CHARACTER SET utf8mb4 COLLATE utf8mb4_unicode_ci DEFAULT NULL,
  `gambar_produk4` varchar(255) CHARACTER SET utf8mb4 COLLATE utf8mb4_unicode_ci DEFAULT NULL,
  `nama_produk` varchar(255) CHARACTER SET utf8mb4 COLLATE utf8mb4_unicode_ci NOT NULL,
  `harga_supplier` int NOT NULL,
  `harga_jual` int NOT NULL,
  `stok1` int NOT NULL,
  `stok2` int NOT NULL,
  `stok3` int NOT NULL,
  `stok4` int NOT NULL,
  `stok5` int NOT NULL,
  `deskripsi` text CHARACTER SET utf8mb4 COLLATE utf8mb4_unicode_ci NOT NULL,
  `rekomendasi` varchar(255) CHARACTER SET utf8mb4 COLLATE utf8mb4_unicode_ci DEFAULT NULL,
  `created_at` timestamp NULL DEFAULT NULL,
  `updated_at` timestamp NULL DEFAULT NULL
) ENGINE=InnoDB DEFAULT CHARSET=utf8mb4 COLLATE=utf8mb4_unicode_ci;

--
-- Dumping data for table `produk`
--

INSERT INTO `produk` (`id`, `kategori_id`, `supplier_id`, `gambar_produk`, `gambar_produk2`, `gambar_produk3`, `gambar_produk4`, `nama_produk`, `harga_supplier`, `harga_jual`, `stok1`, `stok2`, `stok3`, `stok4`, `stok5`, `deskripsi`, `rekomendasi`, `created_at`, `updated_at`) VALUES
(1, 1, 1, 'uploads/1677636504image.jpg', NULL, NULL, NULL, 'Adidas ZX 1k Boost', 750000, 900000, 5, 4, 0, 5, 5, 'Produk Adidas untuk menunjang aktifitasmu', NULL, '2023-03-01 02:08:24', '2023-03-04 13:53:57'),
(2, 3, 1, 'uploads/1677637539reebok-1450-9941043-1.jpg', NULL, NULL, NULL, 'Money Heist X Rebook', 950000, 1150000, 5, 3, 0, 4, 2, 'Series Money Heist sekarang berkolaborasi dengan brand sepatu Rebook', NULL, '2023-03-01 02:19:26', '2023-03-04 14:15:06'),
(3, 2, 1, 'uploads/1677637456download.jpg', NULL, NULL, NULL, 'Adidas Astrarun Boost', 350000, 400000, 0, 0, 0, 2, 0, 'Sepatu Sport Keluaran Adidas', NULL, '2023-03-01 02:24:16', '2023-03-04 14:15:06');

-- --------------------------------------------------------

--
-- Table structure for table `provinsi`
--

CREATE TABLE `provinsi` (
  `id` bigint UNSIGNED NOT NULL,
  `provinsi_id` int UNSIGNED NOT NULL,
  `nama_provinsi` varchar(255) CHARACTER SET utf8mb4 COLLATE utf8mb4_unicode_ci NOT NULL,
  `created_at` timestamp NULL DEFAULT NULL,
  `updated_at` timestamp NULL DEFAULT NULL
) ENGINE=InnoDB DEFAULT CHARSET=utf8mb4 COLLATE=utf8mb4_unicode_ci;

--
-- Dumping data for table `provinsi`
--

INSERT INTO `provinsi` (`id`, `provinsi_id`, `nama_provinsi`, `created_at`, `updated_at`) VALUES
(1, 1, 'Bali', '2021-07-05 00:57:22', '2021-07-05 00:57:22'),
(2, 2, 'Bangka Belitung', '2021-07-05 00:57:25', '2021-07-05 00:57:25'),
(3, 3, 'Banten', '2021-07-05 00:57:28', '2021-07-05 00:57:28'),
(4, 4, 'Bengkulu', '2021-07-05 00:57:30', '2021-07-05 00:57:30'),
(5, 5, 'DI Yogyakarta', '2021-07-05 00:57:34', '2021-07-05 00:57:34'),
(6, 6, 'DKI Jakarta', '2021-07-05 00:57:37', '2021-07-05 00:57:37'),
(7, 7, 'Gorontalo', '2021-07-05 00:57:39', '2021-07-05 00:57:39'),
(8, 8, 'Jambi', '2021-07-05 00:57:40', '2021-07-05 00:57:40'),
(9, 9, 'Jawa Barat', '2021-07-05 00:57:43', '2021-07-05 00:57:43'),
(10, 10, 'Jawa Tengah', '2021-07-05 00:57:47', '2021-07-05 00:57:47'),
(11, 11, 'Jawa Timur', '2021-07-05 00:57:58', '2021-07-05 00:57:58'),
(12, 12, 'Kalimantan Barat', '2021-07-05 00:58:05', '2021-07-05 00:58:05'),
(13, 13, 'Kalimantan Selatan', '2021-07-05 00:58:08', '2021-07-05 00:58:08'),
(14, 14, 'Kalimantan Tengah', '2021-07-05 00:58:11', '2021-07-05 00:58:11'),
(15, 15, 'Kalimantan Timur', '2021-07-05 00:58:14', '2021-07-05 00:58:14'),
(16, 16, 'Kalimantan Utara', '2021-07-05 00:58:17', '2021-07-05 00:58:17'),
(17, 17, 'Kepulauan Riau', '2021-07-05 00:58:19', '2021-07-05 00:58:19'),
(18, 18, 'Lampung', '2021-07-05 00:58:21', '2021-07-05 00:58:21'),
(19, 19, 'Maluku', '2021-07-05 00:58:24', '2021-07-05 00:58:24'),
(20, 20, 'Maluku Utara', '2021-07-05 00:58:30', '2021-07-05 00:58:30'),
(21, 21, 'Nanggroe Aceh Darussalam (NAD)', '2021-07-05 00:58:36', '2021-07-05 00:58:36'),
(22, 22, 'Nusa Tenggara Barat (NTB)', '2021-07-05 00:58:40', '2021-07-05 00:58:40'),
(23, 23, 'Nusa Tenggara Timur (NTT)', '2021-07-05 00:58:44', '2021-07-05 00:58:44'),
(24, 24, 'Papua', '2021-07-05 00:58:52', '2021-07-05 00:58:52'),
(25, 25, 'Papua Barat', '2021-07-05 00:58:56', '2021-07-05 00:58:56'),
(26, 26, 'Riau', '2021-07-05 00:59:00', '2021-07-05 00:59:00'),
(27, 27, 'Sulawesi Barat', '2021-07-05 00:59:03', '2021-07-05 00:59:03'),
(28, 28, 'Sulawesi Selatan', '2021-07-05 00:59:05', '2021-07-05 00:59:05'),
(29, 29, 'Sulawesi Tengah', '2021-07-05 00:59:13', '2021-07-05 00:59:13'),
(30, 30, 'Sulawesi Tenggara', '2021-07-05 00:59:17', '2021-07-05 00:59:17'),
(31, 31, 'Sulawesi Utara', '2021-07-05 00:59:25', '2021-07-05 00:59:25'),
(32, 32, 'Sumatera Barat', '2021-07-05 00:59:32', '2021-07-05 00:59:32'),
(33, 33, 'Sumatera Selatan', '2021-07-05 00:59:35', '2021-07-05 00:59:35'),
(34, 34, 'Sumatera Utara', '2021-07-05 00:59:42', '2021-07-05 00:59:42');

-- --------------------------------------------------------

--
-- Table structure for table `supplier`
--

CREATE TABLE `supplier` (
  `id` bigint UNSIGNED NOT NULL,
  `nama_supplier` varchar(255) CHARACTER SET utf8mb4 COLLATE utf8mb4_unicode_ci NOT NULL,
  `no_hp` varchar(255) CHARACTER SET utf8mb4 COLLATE utf8mb4_unicode_ci NOT NULL,
  `alamat` text CHARACTER SET utf8mb4 COLLATE utf8mb4_unicode_ci NOT NULL,
  `keterangan` text CHARACTER SET utf8mb4 COLLATE utf8mb4_unicode_ci NOT NULL,
  `created_at` timestamp NULL DEFAULT NULL,
  `updated_at` timestamp NULL DEFAULT NULL
) ENGINE=InnoDB DEFAULT CHARSET=utf8mb4 COLLATE=utf8mb4_unicode_ci;

--
-- Dumping data for table `supplier`
--

INSERT INTO `supplier` (`id`, `nama_supplier`, `no_hp`, `alamat`, `keterangan`, `created_at`, `updated_at`) VALUES
(1, 'Brandos', '082325081928', 'Kedung pane mijen Semarang Jawa tengah', 'Reseller Sepatu bermerk', '2023-03-01 02:01:05', '2023-03-01 02:01:05');

--
-- Indexes for dumped tables
--

--
-- Indexes for table `admin`
--
ALTER TABLE `admin`
  ADD PRIMARY KEY (`id`),
  ADD UNIQUE KEY `admin_email_unique` (`email`);

--
-- Indexes for table `kategori`
--
ALTER TABLE `kategori`
  ADD PRIMARY KEY (`id`);

--
-- Indexes for table `kota`
--
ALTER TABLE `kota`
  ADD PRIMARY KEY (`id`);

--
-- Indexes for table `kurir`
--
ALTER TABLE `kurir`
  ADD PRIMARY KEY (`id`);

--
-- Indexes for table `migrations`
--
ALTER TABLE `migrations`
  ADD PRIMARY KEY (`id`);

--
-- Indexes for table `password_resets`
--
ALTER TABLE `password_resets`
  ADD KEY `password_resets_email_index` (`email`);

--
-- Indexes for table `pelanggan`
--
ALTER TABLE `pelanggan`
  ADD PRIMARY KEY (`id`),
  ADD UNIQUE KEY `pelanggan_email_unique` (`email`);

--
-- Indexes for table `pembayaran`
--
ALTER TABLE `pembayaran`
  ADD PRIMARY KEY (`id`);

--
-- Indexes for table `pesanan`
--
ALTER TABLE `pesanan`
  ADD PRIMARY KEY (`id`);

--
-- Indexes for table `pesanan_detail`
--
ALTER TABLE `pesanan_detail`
  ADD PRIMARY KEY (`id`);

--
-- Indexes for table `produk`
--
ALTER TABLE `produk`
  ADD PRIMARY KEY (`id`);

--
-- Indexes for table `provinsi`
--
ALTER TABLE `provinsi`
  ADD PRIMARY KEY (`id`);

--
-- Indexes for table `supplier`
--
ALTER TABLE `supplier`
  ADD PRIMARY KEY (`id`);

--
-- AUTO_INCREMENT for dumped tables
--

--
-- AUTO_INCREMENT for table `admin`
--
ALTER TABLE `admin`
  MODIFY `id` bigint UNSIGNED NOT NULL AUTO_INCREMENT, AUTO_INCREMENT=2;

--
-- AUTO_INCREMENT for table `kategori`
--
ALTER TABLE `kategori`
  MODIFY `id` bigint UNSIGNED NOT NULL AUTO_INCREMENT, AUTO_INCREMENT=4;

--
-- AUTO_INCREMENT for table `kota`
--
ALTER TABLE `kota`
  MODIFY `id` bigint UNSIGNED NOT NULL AUTO_INCREMENT, AUTO_INCREMENT=502;

--
-- AUTO_INCREMENT for table `kurir`
--
ALTER TABLE `kurir`
  MODIFY `id` bigint UNSIGNED NOT NULL AUTO_INCREMENT, AUTO_INCREMENT=4;

--
-- AUTO_INCREMENT for table `migrations`
--
ALTER TABLE `migrations`
  MODIFY `id` int UNSIGNED NOT NULL AUTO_INCREMENT, AUTO_INCREMENT=13;

--
-- AUTO_INCREMENT for table `pelanggan`
--
ALTER TABLE `pelanggan`
  MODIFY `id` bigint UNSIGNED NOT NULL AUTO_INCREMENT, AUTO_INCREMENT=5;

--
-- AUTO_INCREMENT for table `pembayaran`
--
ALTER TABLE `pembayaran`
  MODIFY `id` bigint UNSIGNED NOT NULL AUTO_INCREMENT, AUTO_INCREMENT=13;

--
-- AUTO_INCREMENT for table `pesanan`
--
ALTER TABLE `pesanan`
  MODIFY `id` bigint UNSIGNED NOT NULL AUTO_INCREMENT, AUTO_INCREMENT=21;

--
-- AUTO_INCREMENT for table `pesanan_detail`
--
ALTER TABLE `pesanan_detail`
  MODIFY `id` bigint UNSIGNED NOT NULL AUTO_INCREMENT, AUTO_INCREMENT=33;

--
-- AUTO_INCREMENT for table `produk`
--
ALTER TABLE `produk`
  MODIFY `id` bigint UNSIGNED NOT NULL AUTO_INCREMENT, AUTO_INCREMENT=4;

--
-- AUTO_INCREMENT for table `provinsi`
--
ALTER TABLE `provinsi`
  MODIFY `id` bigint UNSIGNED NOT NULL AUTO_INCREMENT, AUTO_INCREMENT=35;

--
-- AUTO_INCREMENT for table `supplier`
--
ALTER TABLE `supplier`
  MODIFY `id` bigint UNSIGNED NOT NULL AUTO_INCREMENT, AUTO_INCREMENT=2;
COMMIT;

/*!40101 SET CHARACTER_SET_CLIENT=@OLD_CHARACTER_SET_CLIENT */;
/*!40101 SET CHARACTER_SET_RESULTS=@OLD_CHARACTER_SET_RESULTS */;
/*!40101 SET COLLATION_CONNECTION=@OLD_COLLATION_CONNECTION */;
